"REGION","area","min_prop","prop","grid","prop_diff"
"AI",0,0,0,"Option 25",0
"AI",0,0,0,"Option 24",0
"AI",0,0,0,"Option 23",0
"AI",0,0,0,"Option 22",0
"AI",0,0,0,"Option 21",0
"AI",0,0,0,"Option 20",0
"AI",0,0,0,"Option 19",0
"AI",0,0,0,"Option 18",0
"AI",0,0,0,"Option 17",0
"AI",0,0,0,"Option 16",0
"AI",0,0,0,"Option 15",0
"AI",0,0,0,"Option 14",0
"AI",0,0,0,"Option 13",0
"AI",0,0,0,"Option 12",0
"AI",0,0,0,"Option 11",0
"AI",0,0,0,"Option 10",0
"AI",0,0,0,"Option 9",0
"AI",0,0,0,"Option 8",0
"AI",0,0,0,"Option 7",0
"AI",0,0,0,"Option 6",0
"AI",0,0,0,"Option 5",0
"AI",0,0,0,"Option 4",0
"AI",0,0,0,"Option 3",0
"AI",0,0,0,"Option 2",0
"AI",0,0,0,"Option 1",0
"AI",1,0.262956770957726,0.263634198618719,"Option 25",0.000677427660992436
"AI",1,0.262956770957726,0.26975249881009,"Option 24",0.00679572785236415
"AI",1,0.262956770957726,0.271992391821208,"Option 23",0.00903562086348153
"AI",1,0.262956770957726,0.274892806098142,"Option 22",0.0119360351404157
"AI",1,0.262956770957726,0.267336202773792,"Option 21",0.00437943181606615
"AI",1,0.262956770957726,0.26564921902945,"Option 20",0.00269244807172403
"AI",1,0.262956770957726,0.275374376039933,"Option 19",0.0124176050822071
"AI",1,0.262956770957726,0.272067570782774,"Option 18",0.00911079982504792
"AI",1,0.262956770957726,0.266674606955693,"Option 17",0.00371783599796688
"AI",1,0.262956770957726,0.265393794749403,"Option 16",0.00243702379167704
"AI",1,0.262956770957726,0.268429200905085,"Option 15",0.00547242994735886
"AI",1,0.262956770957726,0.273667935299715,"Option 14",0.0107111643419883
"AI",1,0.262956770957726,0.2725,"Option 13",0.00954322904227373
"AI",1,0.262956770957726,0.270411806712687,"Option 12",0.00745503575496115
"AI",1,0.262956770957726,0.268574836016696,"Option 11",0.00561806505897017
"AI",1,0.262956770957726,0.26622216930587,"Option 10",0.00326539834814343
"AI",1,0.262956770957726,0.272824536376605,"Option 9",0.00986776541887857
"AI",1,0.262956770957726,0.264306151645207,"Option 8",0.00134938068748114
"AI",1,0.262956770957726,0.264343035094023,"Option 7",0.00138626413629694
"AI",1,0.262956770957726,0.265600763632025,"Option 6",0.00264399267429855
"AI",1,0.262956770957726,0.262956770957726,"Option 5",0
"AI",1,0.262956770957726,0.269212410501193,"Option 4",0.00625563954346703
"AI",1,0.262956770957726,0.267502986857826,"Option 3",0.00454621590009929
"AI",1,0.262956770957726,0.263504611330698,"Option 2",0.000547840372972008
"AI",1,0.262956770957726,0.265430622009569,"Option 1",0.00247385105184306
"AI",2,0.353455503653132,0.361038342462491,"Option 25",0.00758283880935895
"AI",2,0.353455503653132,0.365183246073298,"Option 24",0.0117277424201663
"AI",2,0.353455503653132,0.36376604850214,"Option 23",0.0103105448490077
"AI",2,0.353455503653132,0.359456884230586,"Option 22",0.00600138057745386
"AI",2,0.353455503653132,0.354615016738403,"Option 21",0.00115951308527057
"AI",2,0.353455503653132,0.359007988553714,"Option 20",0.00555248490058197
"AI",2,0.353455503653132,0.365937722842881,"Option 19",0.0124822191897488
"AI",2,0.353455503653132,0.36200333095408,"Option 18",0.00854782730094833
"AI",2,0.353455503653132,0.360290614578371,"Option 17",0.00683511092523853
"AI",2,0.353455503653132,0.35763723150358,"Option 16",0.00418172785044785
"AI",2,0.353455503653132,0.360724068119567,"Option 15",0.00726856446643442
"AI",2,0.353455503653132,0.365128449096099,"Option 14",0.0116729454429668
"AI",2,0.353455503653132,0.363452380952381,"Option 13",0.00999687729924886
"AI",2,0.353455503653132,0.362651749583432,"Option 12",0.00919624593030038
"AI",2,0.353455503653132,0.360644007155635,"Option 11",0.00718850350250294
"AI",2,0.353455503653132,0.362543159899988,"Option 10",0.00908765624685598
"AI",2,0.353455503653132,0.362339514978602,"Option 9",0.0088840113254699
"AI",2,0.353455503653132,0.361230329041488,"Option 8",0.00777482538835572
"AI",2,0.353455503653132,0.35501257635645,"Option 7",0.00155707270331779
"AI",2,0.353455503653132,0.357713876625701,"Option 6",0.00425837297256887
"AI",2,0.353455503653132,0.356818724623836,"Option 5",0.00336322097070357
"AI",2,0.353455503653132,0.359307875894988,"Option 4",0.00585237224185597
"AI",2,0.353455503653132,0.357586618876941,"Option 3",0.00413111522380932
"AI",2,0.353455503653132,0.353455503653132,"Option 2",0
"AI",2,0.353455503653132,0.353708133971292,"Option 1",0.000252630318159752
"AI",3,0.424961073182417,0.434984520123839,"Option 25",0.010023446941422
"AI",3,0.424961073182417,0.436696811042361,"Option 24",0.0117357378599438
"AI",3,0.424961073182417,0.43319067998098,"Option 23",0.00822960679856249
"AI",3,0.424961073182417,0.427227251071939,"Option 22",0.00226617788952199
"AI",3,0.424961073182417,0.426111908177905,"Option 21",0.00115083499548824
"AI",3,0.424961073182417,0.432812686300227,"Option 20",0.00785161311780952
"AI",3,0.424961073182417,0.437722842880913,"Option 19",0.0127617696984957
"AI",3,0.424961073182417,0.433618843683084,"Option 18",0.00865777050066646
"AI",3,0.424961073182417,0.436874702239162,"Option 17",0.0119136290567445
"AI",3,0.424961073182417,0.432219570405728,"Option 16",0.0072584972233109
"AI",3,0.424961073182417,0.435274502798619,"Option 15",0.0103134296162015
"AI",3,0.424961073182417,0.43744053282588,"Option 14",0.0124794596434631
"AI",3,0.424961073182417,0.437857142857143,"Option 13",0.0128960696747258
"AI",3,0.424961073182417,0.439419185908117,"Option 12",0.0144581127257001
"AI",3,0.424961073182417,0.434347048300537,"Option 11",0.00938597511811962
"AI",3,0.424961073182417,0.436837718776045,"Option 10",0.0118766455936277
"AI",3,0.424961073182417,0.435805991440799,"Option 9",0.0108449182583818
"AI",3,0.424961073182417,0.432403433476395,"Option 8",0.00744236029397782
"AI",3,0.424961073182417,0.429153191999042,"Option 7",0.00419211881662473
"AI",3,0.424961073182417,0.430616871495048,"Option 6",0.0056557983126313
"AI",3,0.424961073182417,0.433723429663243,"Option 5",0.00876235648082635
"AI",3,0.424961073182417,0.435680190930788,"Option 4",0.0107191177483705
"AI",3,0.424961073182417,0.431660692951016,"Option 3",0.00669961976859851
"AI",3,0.424961073182417,0.424961073182417,"Option 2",0
"AI",3,0.424961073182417,0.42822966507177,"Option 1",0.0032685918893533
"AI",4,0.483087184373511,0.493331745653727,"Option 25",0.0102445612802159
"AI",4,0.483087184373511,0.493812470252261,"Option 24",0.0107252858787497
"AI",4,0.483087184373511,0.489895387541607,"Option 23",0.00680820316809605
"AI",4,0.483087184373511,0.483087184373511,"Option 22",0
"AI",4,0.483087184373511,0.487446197991392,"Option 21",0.00435901361788049
"AI",4,0.483087184373511,0.494574937403124,"Option 20",0.0114877530296127
"AI",4,0.483087184373511,0.494651770858094,"Option 19",0.0115645864845825
"AI",4,0.483087184373511,0.492505353319058,"Option 18",0.00941816894554665
"AI",4,0.483087184373511,0.493211052882325,"Option 17",0.0101238685088137
"AI",4,0.483087184373511,0.489976133651551,"Option 16",0.00688894927804012
"AI",4,0.483087184373511,0.493271406454686,"Option 15",0.010184222081175
"AI",4,0.483087184373511,0.493101807802093,"Option 14",0.0100146234285821
"AI",4,0.483087184373511,0.495595238095238,"Option 13",0.0125080537217269
"AI",4,0.483087184373511,0.499285884313259,"Option 12",0.0161986999397476
"AI",4,0.483087184373511,0.494335122242099,"Option 11",0.0112479378685878
"AI",4,0.483087184373511,0.491963328967734,"Option 10",0.00887614459422309
"AI",4,0.483087184373511,0.494412743699477,"Option 9",0.0113255593259658
"AI",4,0.483087184373511,0.49272770624702,"Option 8",0.00964052187350839
"AI",4,0.483087184373511,0.490597676368427,"Option 7",0.00751049199491621
"AI",4,0.483087184373511,0.493019926023148,"Option 6",0.00993274164963642
"AI",4,0.483087184373511,0.493073799856699,"Option 5",0.00998661548318813
"AI",4,0.483087184373511,0.493556085918854,"Option 4",0.0104689015453432
"AI",4,0.483087184373511,0.487096774193548,"Option 3",0.00400958982003724
"AI",4,0.483087184373511,0.487004431668463,"Option 2",0.00391724729495213
"AI",4,0.483087184373511,0.489354066985646,"Option 1",0.00626688261213476
"AI",5,0.535752784764642,0.543343653250774,"Option 25",0.00759086848613144
"AI",5,0.535752784764642,0.542836744407425,"Option 24",0.00708395964278252
"AI",5,0.535752784764642,0.539586305278174,"Option 23",0.00383352051353159
"AI",5,0.535752784764642,0.536207717960934,"Option 22",0.000454933196291307
"AI",5,0.535752784764642,0.538378766140603,"Option 21",0.00262598137596004
"AI",5,0.535752784764642,0.5400023846429,"Option 20",0.00424959987825724
"AI",5,0.535752784764642,0.543380080817685,"Option 19",0.00762729605304235
"AI",5,0.535752784764642,0.541399000713776,"Option 18",0.00564621594913339
"AI",5,0.535752784764642,0.541210100047642,"Option 17",0.0054573152829992
"AI",5,0.535752784764642,0.539140811455847,"Option 16",0.00338802669120475
"AI",5,0.535752784764642,0.542812909372395,"Option 15",0.0070601246077524
"AI",5,0.535752784764642,0.544957183634634,"Option 14",0.00920439886999114
"AI",5,0.535752784764642,0.544285714285714,"Option 13",0.00853292952107176
"AI",5,0.535752784764642,0.549750059509641,"Option 12",0.013997274744998
"AI",5,0.535752784764642,0.542277877161598,"Option 11",0.00652509239695565
"AI",5,0.535752784764642,0.542683652815811,"Option 10",0.00693086805116894
"AI",5,0.535752784764642,0.546124583927722,"Option 9",0.0103717991630798
"AI",5,0.535752784764642,0.543156890796376,"Option 8",0.00740410603173325
"AI",5,0.535752784764642,0.539705353934603,"Option 7",0.00395256916996045
"AI",5,0.535752784764642,0.541224197589786,"Option 6",0.00547141282514396
"AI",5,0.535752784764642,0.541437783615954,"Option 5",0.00568499885131168
"AI",5,0.535752784764642,0.542124105011933,"Option 4",0.0063713202472907
"AI",5,0.535752784764642,0.536320191158901,"Option 3",0.000567406394258341
"AI",5,0.535752784764642,0.535752784764642,"Option 2",0
"AI",5,0.535752784764642,0.538995215311005,"Option 1",0.00324243054636231
"AI",6,0.577554198107558,0.587639914265301,"Option 25",0.0100857161577435
"AI",6,0.577554198107558,0.584721561161352,"Option 24",0.00716736305379395
"AI",6,0.577554198107558,0.581787922016167,"Option 23",0.00423372390860954
"AI",6,0.577554198107558,0.581467365412101,"Option 22",0.00391316730454316
"AI",6,0.577554198107558,0.580703012912482,"Option 21",0.00314881480492424
"AI",6,0.577554198107558,0.579706688923334,"Option 20",0.00215249081577595
"AI",6,0.577554198107558,0.583788923223199,"Option 19",0.0062347251156416
"AI",6,0.577554198107558,0.583273852010469,"Option 18",0.00571965390291085
"AI",6,0.577554198107558,0.57991900905193,"Option 17",0.00236481094437169
"AI",6,0.577554198107558,0.582458233890215,"Option 16",0.00490403578265697
"AI",6,0.577554198107558,0.584375372156723,"Option 15",0.00682117404916482
"AI",6,0.577554198107558,0.584324452901998,"Option 14",0.00677025479444027
"AI",6,0.577554198107558,0.585714285714286,"Option 13",0.00816008760672793
"AI",6,0.577554198107558,0.588907402999286,"Option 12",0.0113532048917281
"AI",6,0.577554198107558,0.586165772212284,"Option 11",0.00861157410472602
"AI",6,0.577554198107558,0.582569353494464,"Option 10",0.00501515538690578
"AI",6,0.577554198107558,0.587731811697575,"Option 9",0.0101776135900171
"AI",6,0.577554198107558,0.582498807820696,"Option 8",0.00494460971313837
"AI",6,0.577554198107558,0.582584740687508,"Option 7",0.00503054257994973
"AI",6,0.577554198107558,0.578570576303544,"Option 6",0.00101637819598588
"AI",6,0.577554198107558,0.582636732744208,"Option 5",0.00508253463665043
"AI",6,0.577554198107558,0.58436754176611,"Option 4",0.00681334365855202
"AI",6,0.577554198107558,0.579569892473118,"Option 3",0.00201569436556048
"AI",6,0.577554198107558,0.577554198107558,"Option 2",0
"AI",6,0.577554198107558,0.580622009569378,"Option 1",0.00306781146182022
"AI",7,0.613127320637202,0.620743034055728,"Option 25",0.0076157134185254
"AI",7,0.613127320637202,0.618158019990481,"Option 24",0.0050306993532786
"AI",7,0.613127320637202,0.618640038040894,"Option 23",0.00551271740369186
"AI",7,0.613127320637202,0.613982848975703,"Option 22",0.000855528338500666
"AI",7,0.613127320637202,0.61740793878527,"Option 21",0.00428061814806813
"AI",7,0.613127320637202,0.619172528913795,"Option 20",0.00604520827659305
"AI",7,0.613127320637202,0.618255288804374,"Option 19",0.00512796816717154
"AI",7,0.613127320637202,0.619795384249346,"Option 18",0.00666806361214356
"AI",7,0.613127320637202,0.618151500714626,"Option 17",0.00502418007742389
"AI",7,0.613127320637202,0.617183770883055,"Option 16",0.00405645024585277
"AI",7,0.613127320637202,0.618196975110158,"Option 15",0.00506965447295626
"AI",7,0.613127320637202,0.616317792578497,"Option 14",0.00319047194129451
"AI",7,0.613127320637202,0.620119047619048,"Option 13",0.00699172698184547
"AI",7,0.613127320637202,0.61961437752916,"Option 12",0.00648705689195761
"AI",7,0.613127320637202,0.620870602265951,"Option 11",0.00774328162874904
"AI",7,0.613127320637202,0.616263840933444,"Option 10",0.00313652029624234
"AI",7,0.613127320637202,0.622919638611507,"Option 9",0.00979231797430524
"AI",7,0.613127320637202,0.619098712446352,"Option 8",0.00597139180914985
"AI",7,0.613127320637202,0.617918313570487,"Option 7",0.00479099293328533
"AI",7,0.613127320637202,0.613649922443622,"Option 6",0.000522601806420386
"AI",7,0.613127320637202,0.617625985192262,"Option 5",0.00449866455505965
"AI",7,0.613127320637202,0.621599045346062,"Option 4",0.00847172470885993
"AI",7,0.613127320637202,0.617204301075269,"Option 3",0.0040769804380667
"AI",7,0.613127320637202,0.613127320637202,"Option 2",0
"AI",7,0.613127320637202,0.619019138755981,"Option 1",0.00589181811877881
"AI",8,0.645910227408025,0.652774470111931,"Option 25",0.00686424270390673
"AI",8,0.645910227408025,0.649571632555926,"Option 24",0.00366140514790103
"AI",8,0.645910227408025,0.65038040893961,"Option 23",0.0044701815315854
"AI",8,0.645910227408025,0.64947594092425,"Option 22",0.00356571351622492
"AI",8,0.645910227408025,0.651004304160689,"Option 21",0.00509407675266393
"AI",8,0.645910227408025,0.650888279480148,"Option 20",0.0049780520721231
"AI",8,0.645910227408025,0.64856192060851,"Option 19",0.00265169320048486
"AI",8,0.645910227408025,0.648822269807281,"Option 18",0.0029120423992558
"AI",8,0.645910227408025,0.64947594092425,"Option 17",0.00356571351622492
"AI",8,0.645910227408025,0.648806682577566,"Option 16",0.00289645516954096
"AI",8,0.645910227408025,0.649041324282482,"Option 15",0.00313109687445712
"AI",8,0.645910227408025,0.648905803996194,"Option 14",0.0029955765881694
"AI",8,0.645910227408025,0.65297619047619,"Option 13",0.00706596306816576
"AI",8,0.645910227408025,0.651154487026898,"Option 12",0.00524425961887365
"AI",8,0.645910227408025,0.65247465712582,"Option 11",0.00656442971779514
"AI",8,0.645910227408025,0.645910227408025,"Option 10",0
"AI",8,0.645910227408025,0.653471231573942,"Option 9",0.00756100416591721
"AI",8,0.645910227408025,0.649737720553171,"Option 8",0.00382749314514652
"AI",8,0.645910227408025,0.65169481375015,"Option 7",0.00578458634212498
"AI",8,0.645910227408025,0.646223601002267,"Option 6",0.000313373594242328
"AI",8,0.645910227408025,0.653212323859565,"Option 5",0.00730209645154056
"AI",8,0.645910227408025,0.652147971360382,"Option 4",0.0062377439523571
"AI",8,0.645910227408025,0.651015531660693,"Option 3",0.0051053042526682
"AI",8,0.645910227408025,0.649179542460175,"Option 2",0.00326931505215011
"AI",8,0.645910227408025,0.649043062200957,"Option 1",0.00313283479293225
"AI",9,0.673785944398043,0.677661347939986,"Option 25",0.00387540354194249
"AI",9,0.673785944398043,0.677296525464065,"Option 24",0.00351058106602153
"AI",9,0.673785944398043,0.677841179267713,"Option 23",0.00405523486966963
"AI",9,0.673785944398043,0.677346355407337,"Option 22",0.00356041100929361
"AI",9,0.673785944398043,0.675155428024868,"Option 21",0.00136948362682532
"AI",9,0.673785944398043,0.675927029927268,"Option 20",0.00214108552922521
"AI",9,0.673785944398043,0.67684811029237,"Option 19",0.00306216589432673
"AI",9,0.673785944398043,0.676659528907923,"Option 18",0.00287358450987973
"AI",9,0.673785944398043,0.677108146736541,"Option 17",0.003322202338498
"AI",9,0.673785944398043,0.677804295942721,"Option 16",0.00401835154467756
"AI",9,0.673785944398043,0.675360247707515,"Option 15",0.00157430330947139
"AI",9,0.673785944398043,0.677925784966698,"Option 14",0.00413984056865524
"AI",9,0.673785944398043,0.676547619047619,"Option 13",0.00276167464957588
"AI",9,0.673785944398043,0.677933825279695,"Option 12",0.00414788088165208
"AI",9,0.673785944398043,0.677519379844961,"Option 11",0.00373343544691807
"AI",9,0.673785944398043,0.676151922847958,"Option 10",0.00236597844991493
"AI",9,0.673785944398043,0.678435568235853,"Option 9",0.00464962383781031
"AI",9,0.673785944398043,0.679065331425846,"Option 8",0.00527938702780328
"AI",9,0.673785944398043,0.679362797939873,"Option 7",0.00557685354182991
"AI",9,0.673785944398043,0.673785944398043,"Option 6",0
"AI",9,0.673785944398043,0.680439455457368,"Option 5",0.00665351105932488
"AI",9,0.673785944398043,0.678042959427208,"Option 4",0.00425701502916442
"AI",9,0.673785944398043,0.678614097968937,"Option 3",0.0048281535708935
"AI",9,0.673785944398043,0.679003473469877,"Option 2",0.00521752907183348
"AI",9,0.673785944398043,0.677272727272727,"Option 1",0.00348678287468407
"AI",10,0.699641148325359,0.701357466063348,"Option 25",0.00171631773798953
"AI",10,0.699641148325359,0.701570680628272,"Option 24",0.00192953230291337
"AI",10,0.699641148325359,0.702567760342368,"Option 23",0.00292661201700917
"AI",10,0.699641148325359,0.702834683182468,"Option 22",0.00319353485710905
"AI",10,0.699641148325359,0.700263032042085,"Option 21",0.000621883716726335
"AI",10,0.699641148325359,0.702992726839156,"Option 20",0.00335157851379697
"AI",10,0.699641148325359,0.701331114808652,"Option 19",0.00168996648329345
"AI",10,0.699641148325359,0.70223649773971,"Option 18",0.00259534941435091
"AI",10,0.699641148325359,0.701881848499285,"Option 17",0.00224070017392652
"AI",10,0.699641148325359,0.702744630071599,"Option 16",0.0031034817462402
"AI",10,0.699641148325359,0.700607359771347,"Option 15",0.000966211445988074
"AI",10,0.699641148325359,0.704923882017127,"Option 14",0.00528273369176768
"AI",10,0.699641148325359,0.701190476190476,"Option 13",0.0015493278651173
"AI",10,0.699641148325359,0.704118067126875,"Option 12",0.00447691880151568
"AI",10,0.699641148325359,0.701490757304711,"Option 11",0.00184960897935194
"AI",10,0.699641148325359,0.702821764495773,"Option 10",0.00318061617041443
"AI",10,0.699641148325359,0.702805515929624,"Option 9",0.00316436760426553
"AI",10,0.699641148325359,0.702789699570815,"Option 8",0.00314855124545665
"AI",10,0.699641148325359,0.702838663312972,"Option 7",0.00319751498761278
"AI",10,0.699641148325359,0.702660780336475,"Option 6",0.00301963201111655
"AI",10,0.699641148325359,0.70360640076427,"Option 5",0.00396525243891155
"AI",10,0.699641148325359,0.704295942720764,"Option 4",0.00465479439540484
"AI",10,0.699641148325359,0.701433691756272,"Option 3",0.00179254343091351
"AI",10,0.699641148325359,0.703916636722961,"Option 2",0.00427548839760195
"AI",10,0.699641148325359,0.699641148325359,"Option 1",0
"AI",11,0.721505376344086,0.724934508216242,"Option 25",0.00342913187215588
"AI",11,0.721505376344086,0.724416944312232,"Option 24",0.00291156796814618
"AI",11,0.721505376344086,0.726105563480742,"Option 23",0.00460018713665578
"AI",11,0.721505376344086,0.727489280609814,"Option 22",0.00598390426572815
"AI",11,0.721505376344086,0.724294595887135,"Option 21",0.00278921954304923
"AI",11,0.721505376344086,0.724454512936688,"Option 20",0.00294913659260165
"AI",11,0.721505376344086,0.726289517470882,"Option 19",0.00478414112679582
"AI",11,0.721505376344086,0.726029026885558,"Option 18",0.00452365054147186
"AI",11,0.721505376344086,0.723201524535493,"Option 17",0.00169614819140707
"AI",11,0.721505376344086,0.724940334128878,"Option 16",0.00343495778479219
"AI",11,0.721505376344086,0.725259021078957,"Option 15",0.00375364473487072
"AI",11,0.721505376344086,0.726569933396765,"Option 14",0.00506455705267894
"AI",11,0.721505376344086,0.724642857142857,"Option 13",0.00313748079877108
"AI",11,0.721505376344086,0.725660557010236,"Option 12",0.00415518066614962
"AI",11,0.721505376344086,0.724031007751938,"Option 11",0.00252563140785189
"AI",11,0.721505376344086,0.722228836766282,"Option 10",0.000723460422195621
"AI",11,0.721505376344086,0.723965763195435,"Option 9",0.00246038685134897
"AI",11,0.721505376344086,0.72520267048164,"Option 8",0.00369729413755437
"AI",11,0.721505376344086,0.723320158102767,"Option 7",0.00181478175868077
"AI",11,0.721505376344086,0.726762916119795,"Option 6",0.00525753977570875
"AI",11,0.721505376344086,0.724504418438022,"Option 5",0.00299904209393642
"AI",11,0.721505376344086,0.726491646778043,"Option 4",0.00498627043395694
"AI",11,0.721505376344086,0.721505376344086,"Option 3",0
"AI",11,0.721505376344086,0.727033177626063,"Option 2",0.00552780128197694
"AI",11,0.721505376344086,0.722727272727273,"Option 1",0.0012218963831867
"AI",12,0.742738095238095,0.745891879018814,"Option 25",0.00315378378071884
"AI",12,0.742738095238095,0.746787244169443,"Option 24",0.00404914893134789
"AI",12,0.742738095238095,0.747265810746553,"Option 23",0.00452771550845732
"AI",12,0.742738095238095,0.747617913292044,"Option 22",0.00487981805394866
"AI",12,0.742738095238095,0.747130559540889,"Option 21",0.00439246430279427
"AI",12,0.742738095238095,0.745558602599261,"Option 20",0.00282050736116557
"AI",12,0.742738095238095,0.749108628476349,"Option 19",0.00637053323825376
"AI",12,0.742738095238095,0.745538900785154,"Option 18",0.0028008055470583
"AI",12,0.742738095238095,0.743925678894712,"Option 17",0.00118758365661653
"AI",12,0.742738095238095,0.743675417661098,"Option 16",0.000937322423002707
"AI",12,0.742738095238095,0.746457068000476,"Option 15",0.0037189727623812
"AI",12,0.742738095238095,0.746788772597526,"Option 14",0.00405067735943099
"AI",12,0.742738095238095,0.742738095238095,"Option 13",0
"AI",12,0.742738095238095,0.74529873839562,"Option 12",0.00256064315752491
"AI",12,0.742738095238095,0.745974955277281,"Option 11",0.00323686003918566
"AI",12,0.742738095238095,0.743898083105132,"Option 10",0.00115998786703642
"AI",12,0.742738095238095,0.74488825487399,"Option 9",0.00215015963589438
"AI",12,0.742738095238095,0.745708154506438,"Option 8",0.0029700592683426
"AI",12,0.742738095238095,0.743562103245898,"Option 7",0.000824008007802468
"AI",12,0.742738095238095,0.745973034244124,"Option 6",0.00323493900602845
"AI",12,0.742738095238095,0.744088846429424,"Option 5",0.00135075119132921
"AI",12,0.742738095238095,0.744868735083532,"Option 4",0.00213063984543704
"AI",12,0.742738095238095,0.74647550776583,"Option 3",0.00373741252773518
"AI",12,0.742738095238095,0.744999401125883,"Option 2",0.00226130588778817
"AI",12,0.742738095238095,0.743301435406699,"Option 1",0.000563340168603377
"AI",13,0.760568426080726,0.764467730412003,"Option 25",0.00389930433127683
"AI",13,0.760568426080726,0.767253688719657,"Option 24",0.00668526263893121
"AI",13,0.760568426080726,0.768901569186876,"Option 23",0.00833314310614985
"AI",13,0.760568426080726,0.765840876607909,"Option 22",0.0052724505271825
"AI",13,0.760568426080726,0.766140602582496,"Option 21",0.00557217650177033
"AI",13,0.760568426080726,0.765947299391916,"Option 20",0.00537887331119002
"AI",13,0.760568426080726,0.765747563584502,"Option 19",0.00517913750377597
"AI",13,0.760568426080726,0.765405662621937,"Option 18",0.00483723654121071
"AI",13,0.760568426080726,0.768222963315865,"Option 17",0.00765453723513865
"AI",13,0.760568426080726,0.763603818615752,"Option 16",0.00303539253502572
"AI",13,0.760568426080726,0.764082410384661,"Option 15",0.00351398430393512
"AI",13,0.760568426080726,0.764391056137012,"Option 14",0.00382263005628636
"AI",13,0.760568426080726,0.763928571428571,"Option 13",0.00336014534784534
"AI",13,0.760568426080726,0.762318495596287,"Option 12",0.00175006951556056
"AI",13,0.760568426080726,0.762909958258795,"Option 11",0.00234153217806943
"AI",13,0.760568426080726,0.764614835099417,"Option 10",0.00404640901869058
"AI",13,0.760568426080726,0.765691868758916,"Option 9",0.00512344267818976
"AI",13,0.760568426080726,0.764306151645207,"Option 8",0.00373772556448138
"AI",13,0.760568426080726,0.762246975685711,"Option 7",0.00167854960498481
"AI",13,0.760568426080726,0.764825199856819,"Option 6",0.0042567737760929
"AI",13,0.760568426080726,0.760568426080726,"Option 5",0
"AI",13,0.760568426080726,0.764081145584726,"Option 4",0.00351271950399945
"AI",13,0.760568426080726,0.766069295101553,"Option 3",0.00550086902082714
"AI",13,0.760568426080726,0.765480895915678,"Option 2",0.00491246983495242
"AI",13,0.760568426080726,0.766028708133971,"Option 1",0.00546028205324522
"AI",14,0.779197516121328,0.783519885687068,"Option 25",0.00432236956574039
"AI",14,0.779197516121328,0.784626368396002,"Option 24",0.00542885227467393
"AI",14,0.779197516121328,0.786257727056586,"Option 23",0.00706021093525788
"AI",14,0.779197516121328,0.785612196283945,"Option 22",0.00641468016261681
"AI",14,0.779197516121328,0.78610712577714,"Option 21",0.00690960965581222
"AI",14,0.779197516121328,0.782997496124955,"Option 20",0.00379998000362736
"AI",14,0.779197516121328,0.78333729498455,"Option 19",0.00413977886322159
"AI",14,0.779197516121328,0.783131096835594,"Option 18",0.00393358071426575
"AI",14,0.779197516121328,0.785612196283945,"Option 17",0.00641468016261681
"AI",14,0.779197516121328,0.781980906921241,"Option 16",0.00278339079991308
"AI",14,0.779197516121328,0.782660473978802,"Option 15",0.00346295785747408
"AI",14,0.779197516121328,0.780685061845861,"Option 14",0.00148754572453313
"AI",14,0.779197516121328,0.780833333333333,"Option 13",0.00163581721200545
"AI",14,0.779197516121328,0.780647464889312,"Option 12",0.0014499487679841
"AI",14,0.779197516121328,0.782707215265355,"Option 11",0.00350969914402688
"AI",14,0.779197516121328,0.784855339921419,"Option 10",0.00565782380009128
"AI",14,0.779197516121328,0.784950071326676,"Option 9",0.00575255520534823
"AI",14,0.779197516121328,0.780996661897949,"Option 8",0.00179914577662155
"AI",14,0.779197516121328,0.779734099892203,"Option 7",0.000536583770874732
"AI",14,0.779197516121328,0.782722825438492,"Option 6",0.00352530931716388
"AI",14,0.779197516121328,0.779197516121328,"Option 5",0
"AI",14,0.779197516121328,0.78126491646778,"Option 4",0.00206740034645247
"AI",14,0.779197516121328,0.785304659498208,"Option 3",0.00610714337688001
"AI",14,0.779197516121328,0.784165768355492,"Option 2",0.00496825223416375
"AI",14,0.779197516121328,0.784808612440191,"Option 1",0.00561109631886347
"AI",15,0.79674119885823,0.800547749464158,"Option 25",0.00380655060592794
"AI",15,0.79674119885823,0.801166111375536,"Option 24",0.00442491251730526
"AI",15,0.79674119885823,0.803138373751783,"Option 23",0.00639717489355296
"AI",15,0.79674119885823,0.801453072891853,"Option 22",0.00471187403362305
"AI",15,0.79674119885823,0.801530368244859,"Option 21",0.00478916938662866
"AI",15,0.79674119885823,0.800047692857994,"Option 20",0.00330649399976424
"AI",15,0.79674119885823,0.80080817684811,"Option 19",0.00406697798988009
"AI",15,0.79674119885823,0.801094456340709,"Option 18",0.00435325748247872
"AI",15,0.79674119885823,0.800976655550262,"Option 17",0.00423545669203174
"AI",15,0.79674119885823,0.800119331742243,"Option 16",0.00337813288401323
"AI",15,0.79674119885823,0.801357627724187,"Option 15",0.00461642886595692
"AI",15,0.79674119885823,0.79674119885823,"Option 14",0
"AI",15,0.79674119885823,0.797857142857143,"Option 13",0.00111594399891257
"AI",15,0.79674119885823,0.800166626993573,"Option 12",0.00342542813534275
"AI",15,0.79674119885823,0.80190816935003,"Option 11",0.00516697049179959
"AI",15,0.79674119885823,0.802000238123586,"Option 10",0.00525903926535587
"AI",15,0.79674119885823,0.801474084640989,"Option 9",0.00473288578275877
"AI",15,0.79674119885823,0.797329518359561,"Option 8",0.000588319501330981
"AI",15,0.79674119885823,0.798179422685352,"Option 7",0.00143822382712133
"AI",15,0.79674119885823,0.797756830927097,"Option 6",0.00101563206886679
"AI",15,0.79674119885823,0.79746835443038,"Option 5",0.000727155572149529
"AI",15,0.79674119885823,0.799522673031026,"Option 4",0.00278147417279595
"AI",15,0.79674119885823,0.802270011947431,"Option 3",0.00552881308920106
"AI",15,0.79674119885823,0.801413342915319,"Option 2",0.00467214405708893
"AI",15,0.79674119885823,0.80311004784689,"Option 1",0.00636884898865975
"AI",16,0.81342393896042,0.815789473684211,"Option 25",0.00236553472379086
"AI",16,0.81342393896042,0.817467872441694,"Option 24",0.00404393348127474
"AI",16,0.81342393896042,0.818235853542558,"Option 23",0.00481191458213859
"AI",16,0.81342393896042,0.818723201524535,"Option 22",0.00529926256411584
"AI",16,0.81342393896042,0.817312290769966,"Option 21",0.00388835180954683
"AI",16,0.81342393896042,0.817574818170979,"Option 20",0.00415087921055923
"AI",16,0.81342393896042,0.815902067981935,"Option 19",0.00247812902151523
"AI",16,0.81342393896042,0.817035450868427,"Option 18",0.00361151190800768
"AI",16,0.81342393896042,0.815269175797999,"Option 17",0.00184523683757942
"AI",16,0.81342393896042,0.817183770883055,"Option 16",0.00375983192263529
"AI",16,0.81342393896042,0.815886626176015,"Option 15",0.00246268721559562
"AI",16,0.81342393896042,0.813629876308278,"Option 14",0.000205937347858232
"AI",16,0.81342393896042,0.814285714285714,"Option 13",0.000861775325294634
"AI",16,0.81342393896042,0.81718638419424,"Option 12",0.00376244523381986
"AI",16,0.81342393896042,0.818723911747168,"Option 11",0.00529997278674788
"AI",16,0.81342393896042,0.817954518395047,"Option 10",0.00453057943462742
"AI",16,0.81342393896042,0.815026153114598,"Option 9",0.00160221415417849
"AI",16,0.81342393896042,0.81342393896042,"Option 8",0
"AI",16,0.81342393896042,0.814229249011858,"Option 7",0.000805310051438024
"AI",16,0.81342393896042,0.815773774012648,"Option 6",0.00234983505222797
"AI",16,0.81342393896042,0.815978027227132,"Option 5",0.002554088266712
"AI",16,0.81342393896042,0.816945107398568,"Option 4",0.00352116843814843
"AI",16,0.81342393896042,0.816487455197133,"Option 3",0.00306351623671297
"AI",16,0.81342393896042,0.818181818181818,"Option 2",0.00475787922139859
"AI",16,0.81342393896042,0.816507177033493,"Option 1",0.0030832380730732
"AI",17,0.82932348737494,0.830197666110979,"Option 25",0.000874178736038345
"AI",17,0.82932348737494,0.832222751070919,"Option 24",0.00289926369597815
"AI",17,0.82932348737494,0.833689966714218,"Option 23",0.00436647933927736
"AI",17,0.82932348737494,0.831943782753692,"Option 22",0.00262029537875175
"AI",17,0.82932348737494,0.830105212816834,"Option 21",0.000781725441893588
"AI",17,0.82932348737494,0.832240372004292,"Option 20",0.00291688462935191
"AI",17,0.82932348737494,0.831233658188733,"Option 19",0.00191017081379263
"AI",17,0.82932348737494,0.832738520104687,"Option 18",0.00341503272974664
"AI",17,0.82932348737494,0.82932348737494,"Option 17",0
"AI",17,0.82932348737494,0.831742243436754,"Option 16",0.00241875606181374
"AI",17,0.82932348737494,0.831963796594022,"Option 15",0.0026403092190812
"AI",17,0.82932348737494,0.830280685061846,"Option 14",0.000957197686905387
"AI",17,0.82932348737494,0.829880952380952,"Option 13",0.000557465006011948
"AI",17,0.82932348737494,0.832777910021423,"Option 12",0.00345442264648299
"AI",17,0.82932348737494,0.831961836612999,"Option 11",0.00263834923805895
"AI",17,0.82932348737494,0.834146922252649,"Option 10",0.00482343487770864
"AI",17,0.82932348737494,0.829410366143604,"Option 9",8.68787686639783e-05
"AI",17,0.82932348737494,0.829399141630901,"Option 8",7.56542559608997e-05
"AI",17,0.82932348737494,0.832075697688346,"Option 7",0.00275221031340545
"AI",17,0.82932348737494,0.830330509485742,"Option 6",0.00100702211080117
"AI",17,0.82932348737494,0.833412944829233,"Option 5",0.0040894574542929
"AI",17,0.82932348737494,0.831384248210024,"Option 4",0.00206076083508344
"AI",17,0.82932348737494,0.831899641577061,"Option 3",0.00257615420212054
"AI",17,0.82932348737494,0.832914121451671,"Option 2",0.00359063407673044
"AI",17,0.82932348737494,0.832416267942584,"Option 1",0.00309278056764328
"AI",18,0.843705293276109,0.844010478685401,"Option 25",0.000305185409292474
"AI",18,0.843705293276109,0.845073774393146,"Option 24",0.00136848111703736
"AI",18,0.843705293276109,0.847955301949596,"Option 23",0.00425000867348702
"AI",18,0.843705293276109,0.847427346355407,"Option 22",0.00372205307929852
"AI",18,0.843705293276109,0.845528455284553,"Option 21",0.00182316200844412
"AI",18,0.843705293276109,0.847144390127578,"Option 20",0.00343909685146959
"AI",18,0.843705293276109,0.846327549322558,"Option 19",0.00262225604644883
"AI",18,0.843705293276109,0.847370925529384,"Option 18",0.00366563225327499
"AI",18,0.843705293276109,0.845878989995236,"Option 17",0.00217369671912704
"AI",18,0.843705293276109,0.84582338902148,"Option 16",0.00211809574537092
"AI",18,0.843705293276109,0.846969155650828,"Option 15",0.00326386237471887
"AI",18,0.843705293276109,0.845385347288297,"Option 14",0.00168005401218807
"AI",18,0.843705293276109,0.846309523809524,"Option 13",0.00260423053341508
"AI",18,0.843705293276109,0.847060223756249,"Option 12",0.0033549304801398
"AI",18,0.843705293276109,0.84675014907573,"Option 11",0.00304485579962166
"AI",18,0.843705293276109,0.84819621383498,"Option 10",0.00449092055887157
"AI",18,0.843705293276109,0.845458868283405,"Option 9",0.00175357500729589
"AI",18,0.843705293276109,0.843705293276109,"Option 8",0
"AI",18,0.843705293276109,0.844891603784884,"Option 7",0.0011863105087756
"AI",18,0.843705293276109,0.845483832478225,"Option 6",0.00177853920211579
"AI",18,0.843705293276109,0.847981848578935,"Option 5",0.004276555302826
"AI",18,0.843705293276109,0.846897374701671,"Option 4",0.00319208142556182
"AI",18,0.843705293276109,0.845519713261649,"Option 3",0.00181441998553999
"AI",18,0.843705293276109,0.847406875074859,"Option 2",0.00370158179875046
"AI",18,0.843705293276109,0.846172248803828,"Option 1",0.00246695552771903
"AI",19,0.858178792201617,0.860442962610145,"Option 25",0.00226417040852855
"AI",19,0.858178792201617,0.858281770585436,"Option 24",0.000102978383818786
"AI",19,0.858178792201617,0.861626248216833,"Option 23",0.00344745601521634
"AI",19,0.858178792201617,0.860767031919962,"Option 22",0.0025882397183451
"AI",19,0.858178792201617,0.859277857484457,"Option 21",0.00109906528284043
"AI",19,0.858178792201617,0.860856086801002,"Option 20",0.00267729459938482
"AI",19,0.858178792201617,0.859876396482054,"Option 19",0.00169760428043697
"AI",19,0.858178792201617,0.8604568165596,"Option 18",0.00227802435798352
"AI",19,0.858178792201617,0.862077179609338,"Option 17",0.00389838740772108
"AI",19,0.858178792201617,0.860859188544153,"Option 16",0.00268039634253603
"AI",19,0.858178792201617,0.861140883648922,"Option 15",0.00296209144730553
"AI",19,0.858178792201617,0.859657469077069,"Option 14",0.00147867687545267
"AI",19,0.858178792201617,0.860238095238095,"Option 13",0.0020593030364785
"AI",19,0.858178792201617,0.859914306117591,"Option 12",0.00173551391597426
"AI",19,0.858178792201617,0.858795468097794,"Option 11",0.000616675896176977
"AI",19,0.858178792201617,0.859149898797476,"Option 10",0.000971106595859195
"AI",19,0.858178792201617,0.858178792201617,"Option 9",0
"AI",19,0.858178792201617,0.860991893180734,"Option 8",0.00281310097911769
"AI",19,0.858178792201617,0.85866570846808,"Option 7",0.000486916266463244
"AI",19,0.858178792201617,0.860756472974585,"Option 6",0.0025776807729686
"AI",19,0.858178792201617,0.861834248865536,"Option 5",0.00365545666391942
"AI",19,0.858178792201617,0.860501193317422,"Option 4",0.00232240111580573
"AI",19,0.858178792201617,0.859139784946237,"Option 3",0.000960992744619804
"AI",19,0.858178792201617,0.861180979758055,"Option 2",0.00300218755643811
"AI",19,0.858178792201617,0.861004784688995,"Option 1",0.00282599248737847
"AI",20,0.871002386634845,0.87389854727316,"Option 25",0.00289616063831544
"AI",20,0.871002386634845,0.872441694431223,"Option 24",0.00143930779637835
"AI",20,0.871002386634845,0.873276271992392,"Option 23",0.00227388535754691
"AI",20,0.871002386634845,0.876012386850881,"Option 22",0.00501000021603648
"AI",20,0.871002386634845,0.874222859875658,"Option 21",0.00322047324081276
"AI",20,0.871002386634845,0.87409085489448,"Option 20",0.00308846825963471
"AI",20,0.871002386634845,0.872830995959116,"Option 19",0.00182860932427087
"AI",20,0.871002386634845,0.874018558172734,"Option 18",0.00301617153788891
"AI",20,0.871002386634845,0.876488804192473,"Option 17",0.0054864175576278
"AI",20,0.871002386634845,0.872792362768496,"Option 16",0.00178997613365151
"AI",20,0.871002386634845,0.873764439680838,"Option 15",0.00276205304599353
"AI",20,0.871002386634845,0.873572787821123,"Option 14",0.00257040118627783
"AI",20,0.871002386634845,0.872738095238095,"Option 13",0.00173570860325034
"AI",20,0.871002386634845,0.873720542727922,"Option 12",0.00271815609307702
"AI",20,0.871002386634845,0.871437090041741,"Option 11",0.000434703406896331
"AI",20,0.871002386634845,0.871294201690678,"Option 10",0.000291815055832645
"AI",20,0.871002386634845,0.871730860675226,"Option 9",0.000728474040381011
"AI",20,0.871002386634845,0.873271340009537,"Option 8",0.00226895337469257
"AI",20,0.871002386634845,0.873637561384597,"Option 7",0.00263517474975206
"AI",20,0.871002386634845,0.873165493377879,"Option 6",0.00216310674303366
"AI",20,0.871002386634845,0.874373059469787,"Option 5",0.00337067283494252
"AI",20,0.871002386634845,0.871002386634845,"Option 4",0
"AI",20,0.871002386634845,0.872162485065711,"Option 3",0.00116009843086606
"AI",20,0.871002386634845,0.872559587974608,"Option 2",0.00155720133976289
"AI",20,0.871002386634845,0.87177033492823,"Option 1",0.000767948293384779
"AI",21,0.883651551312649,0.888306739699929,"Option 25",0.00465518838727941
"AI",21,0.883651551312649,0.885649690623513,"Option 24",0.00199813931086346
"AI",21,0.883651551312649,0.885045173561579,"Option 23",0.00139362224892958
"AI",21,0.883651551312649,0.887684611719867,"Option 22",0.0040330604072174
"AI",21,0.883651551312649,0.884983261597322,"Option 21",0.00133171028467272
"AI",21,0.883651551312649,0.885417908668177,"Option 20",0.00176635735552777
"AI",21,0.883651551312649,0.887211789874019,"Option 19",0.00356023856137033
"AI",21,0.883651551312649,0.886509635974304,"Option 18",0.00285808466165494
"AI",21,0.883651551312649,0.88804192472606,"Option 17",0.00439037341341086
"AI",21,0.883651551312649,0.885560859188544,"Option 16",0.00190930787589494
"AI",21,0.883651551312649,0.884958913897821,"Option 15",0.0013073625851715
"AI",21,0.883651551312649,0.886536631779258,"Option 14",0.00288508046660874
"AI",21,0.883651551312649,0.886309523809524,"Option 13",0.00265797249687461
"AI",21,0.883651551312649,0.884908355153535,"Option 12",0.00125680384088567
"AI",21,0.883651551312649,0.885271317829457,"Option 11",0.00161976651680817
"AI",21,0.883651551312649,0.884629122514585,"Option 10",0.000977571201935867
"AI",21,0.883651551312649,0.885164051355207,"Option 9",0.00151250004255765
"AI",21,0.883651551312649,0.886504530281354,"Option 8",0.00285297896870518
"AI",21,0.883651551312649,0.885615043717811,"Option 7",0.00196349240516136
"AI",21,0.883651551312649,0.886171101300561,"Option 6",0.0025195499879116
"AI",21,0.883651551312649,0.886314783854789,"Option 5",0.00266323254213952
"AI",21,0.883651551312649,0.883651551312649,"Option 4",0
"AI",21,0.883651551312649,0.884468339307049,"Option 3",0.00081678799439977
"AI",21,0.883651551312649,0.885255719247814,"Option 2",0.00160416793516494
"AI",21,0.883651551312649,0.886483253588517,"Option 1",0.0028317022758676
"AI",22,0.896510658568536,0.898190045248869,"Option 25",0.00167938668033241
"AI",22,0.896510658568536,0.898738695859115,"Option 24",0.0022280372905783
"AI",22,0.896510658568536,0.898359486447932,"Option 23",0.00184882787939511
"AI",22,0.896510658568536,0.899952358265841,"Option 22",0.00344169969730446
"AI",22,0.896510658568536,0.897895743663319,"Option 21",0.00138508509478263
"AI",22,0.896510658568536,0.899844998211518,"Option 20",0.00333433964298147
"AI",22,0.896510658568536,0.899928690278108,"Option 19",0.00341803170957156
"AI",22,0.896510658568536,0.89971448965025,"Option 18",0.0032038310817134
"AI",22,0.896510658568536,0.898761314911863,"Option 17",0.00225065634332644
"AI",22,0.896510658568536,0.898926014319809,"Option 16",0.00241535575127272
"AI",22,0.896510658568536,0.896510658568536,"Option 15",0
"AI",22,0.896510658568536,0.899500475737393,"Option 14",0.0029898171688566
"AI",22,0.896510658568536,0.898928571428571,"Option 13",0.00241791286003501
"AI",22,0.896510658568536,0.898952630326113,"Option 12",0.00244197175757643
"AI",22,0.896510658568536,0.898270721526536,"Option 11",0.00176006295799913
"AI",22,0.896510658568536,0.897844981545422,"Option 10",0.00133432297688563
"AI",22,0.896510658568536,0.899786019971469,"Option 9",0.00327536140293294
"AI",22,0.896510658568536,0.900810681926562,"Option 8",0.00430002335802537
"AI",22,0.896510658568536,0.898550724637681,"Option 7",0.00204006606914475
"AI",22,0.896510658568536,0.900011931750388,"Option 6",0.00350127318185134
"AI",22,0.896510658568536,0.89849534272749,"Option 5",0.00198468415895348
"AI",22,0.896510658568536,0.897494033412888,"Option 4",0.000983374844351403
"AI",22,0.896510658568536,0.898924731182796,"Option 3",0.0024140726142593
"AI",22,0.896510658568536,0.899269373577674,"Option 2",0.0027587150091376
"AI",22,0.896510658568536,0.897488038277512,"Option 1",0.000977379708975601
"AI",23,0.910793082886106,0.912598237675637,"Option 25",0.00180515478953092
"AI",23,0.910793082886106,0.910875773441219,"Option 24",8.26905551123414e-05
"AI",23,0.910793082886106,0.912030432715169,"Option 23",0.00123734982906265
"AI",23,0.910793082886106,0.912458313482611,"Option 22",0.00166523059650459
"AI",23,0.910793082886106,0.913199426111908,"Option 21",0.00240634322580202
"AI",23,0.910793082886106,0.912125909145105,"Option 20",0.00133282625899933
"AI",23,0.910793082886106,0.91288328975517,"Option 19",0.0020902068690638
"AI",23,0.910793082886106,0.913276231263383,"Option 18",0.00248314837727714
"AI",23,0.910793082886106,0.912339209147213,"Option 17",0.00154612626110684
"AI",23,0.910793082886106,0.911694510739857,"Option 16",0.000901427853750691
"AI",23,0.910793082886106,0.910801476717875,"Option 15",8.39383176931552e-06
"AI",23,0.910793082886106,0.911988582302569,"Option 14",0.0011954994164628
"AI",23,0.910793082886106,0.91452380952381,"Option 13",0.00373072663770335
"AI",23,0.910793082886106,0.912758866936444,"Option 12",0.00196578405033754
"AI",23,0.910793082886106,0.910793082886106,"Option 11",0
"AI",23,0.910793082886106,0.913084891058459,"Option 10",0.00229180817235319
"AI",23,0.910793082886106,0.913100332857822,"Option 9",0.00230724997171594
"AI",23,0.910793082886106,0.914639961850262,"Option 8",0.00384687896415614
"AI",23,0.910793082886106,0.91304347826087,"Option 7",0.00225039537476335
"AI",23,0.910793082886106,0.91301753967307,"Option 6",0.00222445678696392
"AI",23,0.910793082886106,0.911631239550991,"Option 5",0.000838156664884959
"AI",23,0.910793082886106,0.911933174224344,"Option 4",0.00114009133823756
"AI",23,0.910793082886106,0.912305854241338,"Option 3",0.00151277135523198
"AI",23,0.910793082886106,0.91136663073422,"Option 2",0.000573547848113476
"AI",23,0.910793082886106,0.913157894736842,"Option 1",0.00236481185073589
"AI",24,0.925483639837593,0.928197189807097,"Option 25",0.00271354996950446
"AI",24,0.925483639837593,0.928843407901,"Option 24",0.00335976806340699
"AI",24,0.925483639837593,0.926890156918688,"Option 23",0.00140651708109507
"AI",24,0.925483639837593,0.926869938065746,"Option 22",0.00138629822815306
"AI",24,0.925483639837593,0.92766618842659,"Option 21",0.00218254858899758
"AI",24,0.925483639837593,0.92738762370335,"Option 20",0.00190398386575785
"AI",24,0.925483639837593,0.927620632279534,"Option 19",0.00213699244194154
"AI",24,0.925483639837593,0.92790863668808,"Option 18",0.00242499685048747
"AI",24,0.925483639837593,0.92770366841353,"Option 17",0.00222002857593773
"AI",24,0.925483639837593,0.927326968973747,"Option 16",0.00184332913615448
"AI",24,0.925483639837593,0.926402286530904,"Option 15",0.00091864669331132
"AI",24,0.925483639837593,0.928044719314938,"Option 14",0.00256107947734563
"AI",24,0.925483639837593,0.929761904761905,"Option 13",0.00427826492431227
"AI",24,0.925483639837593,0.92942156629374,"Option 12",0.0039379264561471
"AI",24,0.925483639837593,0.927728085867621,"Option 11",0.00224444603002827
"AI",24,0.925483639837593,0.929753542088344,"Option 10",0.0042699022507513
"AI",24,0.925483639837593,0.928078934854969,"Option 9",0.00259529501737654
"AI",24,0.925483639837593,0.92894611349547,"Option 8",0.00346247365787722
"AI",24,0.925483639837593,0.929452629057372,"Option 7",0.00396898921977962
"AI",24,0.925483639837593,0.929006085192698,"Option 6",0.00352244535510526
"AI",24,0.925483639837593,0.925483639837593,"Option 5",0
"AI",24,0.925483639837593,0.925894988066826,"Option 4",0.000411348229233277
"AI",24,0.925483639837593,0.927479091995221,"Option 3",0.00199545215762853
"AI",24,0.925483639837593,0.926697808120733,"Option 2",0.00121416828314047
"AI",24,0.925483639837593,0.927751196172249,"Option 1",0.00226755633465625
"AI",25,1,1,"Option 25",0
"AI",25,1,1,"Option 24",0
"AI",25,1,1,"Option 23",0
"AI",25,1,1,"Option 22",0
"AI",25,1,1,"Option 21",0
"AI",25,1,1,"Option 20",0
"AI",25,1,1,"Option 19",0
"AI",25,1,1,"Option 18",0
"AI",25,1,1,"Option 17",0
"AI",25,1,1,"Option 16",0
"AI",25,1,1,"Option 15",0
"AI",25,1,1,"Option 14",0
"AI",25,1,1,"Option 13",0
"AI",25,1,1,"Option 12",0
"AI",25,1,1,"Option 11",0
"AI",25,1,1,"Option 10",0
"AI",25,1,1,"Option 9",0
"AI",25,1,1,"Option 8",0
"AI",25,1,1,"Option 7",0
"AI",25,1,1,"Option 6",0
"AI",25,1,1,"Option 5",0
"AI",25,1,1,"Option 4",0
"AI",25,1,1,"Option 3",0
"AI",25,1,1,"Option 2",0
"AI",25,1,1,"Option 1",0
"GOA",0,0,0,"Option 25",0
"GOA",0,0,0,"Option 24",0
"GOA",0,0,0,"Option 23",0
"GOA",0,0,0,"Option 22",0
"GOA",0,0,0,"Option 21",0
"GOA",0,0,0,"Option 20",0
"GOA",0,0,0,"Option 19",0
"GOA",0,0,0,"Option 18",0
"GOA",0,0,0,"Option 17",0
"GOA",0,0,0,"Option 16",0
"GOA",0,0,0,"Option 15",0
"GOA",0,0,0,"Option 14",0
"GOA",0,0,0,"Option 13",0
"GOA",0,0,0,"Option 12",0
"GOA",0,0,0,"Option 11",0
"GOA",0,0,0,"Option 10",0
"GOA",0,0,0,"Option 9",0
"GOA",0,0,0,"Option 8",0
"GOA",0,0,0,"Option 7",0
"GOA",0,0,0,"Option 6",0
"GOA",0,0,0,"Option 5",0
"GOA",0,0,0,"Option 4",0
"GOA",0,0,0,"Option 3",0
"GOA",0,0,0,"Option 2",0
"GOA",0,0,0,"Option 1",0
"GOA",1,0.180506121171823,0.18463222074572,"Option 25",0.00412609957389726
"GOA",1,0.180506121171823,0.184233176838811,"Option 24",0.00372705566698758
"GOA",1,0.180506121171823,0.186305111197815,"Option 23",0.00579899002599202
"GOA",1,0.180506121171823,0.181130744818399,"Option 22",0.000624623646576034
"GOA",1,0.180506121171823,0.183207598796076,"Option 21",0.00270147762425246
"GOA",1,0.180506121171823,0.181427006728212,"Option 20",0.000920885556388501
"GOA",1,0.180506121171823,0.180506121171823,"Option 19",0
"GOA",1,0.180506121171823,0.187365874595185,"Option 18",0.00685975342336209
"GOA",1,0.180506121171823,0.184508914607444,"Option 17",0.00400279343562143
"GOA",1,0.180506121171823,0.181078967943706,"Option 16",0.000572846771882962
"GOA",1,0.180506121171823,0.180868135739168,"Option 15",0.000362014567344832
"GOA",1,0.180506121171823,0.182852451325358,"Option 14",0.00234633015353469
"GOA",1,0.180506121171823,0.191524169360807,"Option 13",0.011018048188984
"GOA",1,0.180506121171823,0.18818799281755,"Option 12",0.00768187164572712
"GOA",1,0.180506121171823,0.184279407743095,"Option 11",0.00377328657127185
"GOA",1,0.180506121171823,0.181131040964988,"Option 10",0.000624919793164813
"GOA",1,0.180506121171823,0.182701728259592,"Option 9",0.00219560708776859
"GOA",1,0.180506121171823,0.185411285904359,"Option 8",0.00490516473253635
"GOA",1,0.180506121171823,0.181447981518462,"Option 7",0.000941860346638901
"GOA",1,0.180506121171823,0.183889627139842,"Option 6",0.00338350596801906
"GOA",1,0.180506121171823,0.182779278750147,"Option 5",0.00227315757832378
"GOA",1,0.180506121171823,0.183543063232585,"Option 4",0.00303694206076152
"GOA",1,0.180506121171823,0.18603924020949,"Option 3",0.00553311903766651
"GOA",1,0.180506121171823,0.181180710620128,"Option 2",0.000674589448304674
"GOA",1,0.180506121171823,0.181917722508994,"Option 1",0.00141160133717116
"GOA",2,0.237591569710503,0.241929180020324,"Option 25",0.00433761030982102
"GOA",2,0.237591569710503,0.242801251956182,"Option 24",0.00520968224567894
"GOA",2,0.237591569710503,0.24401092469762,"Option 23",0.00641935498711738
"GOA",2,0.237591569710503,0.237981428515457,"Option 22",0.000389858804954041
"GOA",2,0.237591569710503,0.239416800218895,"Option 21",0.00182523050839276
"GOA",2,0.237591569710503,0.239438272570803,"Option 20",0.00184670286030009
"GOA",2,0.237591569710503,0.239527515938514,"Option 19",0.00193594622801188
"GOA",2,0.237591569710503,0.245854305669359,"Option 18",0.00826273595885632
"GOA",2,0.237591569710503,0.243392242727557,"Option 17",0.00580067301705448
"GOA",2,0.237591569710503,0.239405785770133,"Option 16",0.00181421605963031
"GOA",2,0.237591569710503,0.238913460409409,"Option 15",0.00132189069890676
"GOA",2,0.237591569710503,0.239033544452264,"Option 14",0.00144197474176105
"GOA",2,0.237591569710503,0.246991002220231,"Option 13",0.00939943250972877
"GOA",2,0.237591569710503,0.243969084237645,"Option 12",0.0063775145271428
"GOA",2,0.237591569710503,0.239793725827245,"Option 11",0.00220215611674277
"GOA",2,0.237591569710503,0.239758753035169,"Option 10",0.0021671833246662
"GOA",2,0.237591569710503,0.237606301681232,"Option 9",1.47319707295146e-05
"GOA",2,0.237591569710503,0.240353760663693,"Option 8",0.00276219095318997
"GOA",2,0.237591569710503,0.240494929323779,"Option 7",0.0029033596132767
"GOA",2,0.237591569710503,0.239349644336747,"Option 6",0.00175807462624405
"GOA",2,0.237591569710503,0.239046164689299,"Option 5",0.0014545949787961
"GOA",2,0.237591569710503,0.23760241483398,"Option 4",1.08451234775708e-05
"GOA",2,0.237591569710503,0.241733760650356,"Option 3",0.00414219093985305
"GOA",2,0.237591569710503,0.237591569710503,"Option 2",0
"GOA",2,0.237591569710503,0.238659471296731,"Option 1",0.00106790158622819
"GOA",3,0.281263471411216,0.285273196279215,"Option 25",0.00400972486799916
"GOA",3,0.281263471411216,0.286345852895149,"Option 24",0.00508238148393264
"GOA",3,0.281263471411216,0.288177916504097,"Option 23",0.00691444509288069
"GOA",3,0.281263471411216,0.281980958351291,"Option 22",0.000717486940074952
"GOA",3,0.281263471411216,0.283313137630458,"Option 21",0.00204966621924169
"GOA",3,0.281263471411216,0.284032232827414,"Option 20",0.00276876141619753
"GOA",3,0.281263471411216,0.284859389056205,"Option 19",0.00359591764498923
"GOA",3,0.281263471411216,0.290686331889656,"Option 18",0.00942286047844021
"GOA",3,0.281263471411216,0.287847982483578,"Option 17",0.0065845110723623
"GOA",3,0.281263471411216,0.284792806880375,"Option 16",0.00352933546915923
"GOA",3,0.281263471411216,0.281733140240323,"Option 15",0.000469668829106484
"GOA",3,0.281263471411216,0.284033153491282,"Option 14",0.00276968208006551
"GOA",3,0.281263471411216,0.289253301133487,"Option 13",0.00798982972227047
"GOA",3,0.281263471411216,0.287961589507378,"Option 12",0.00669811809616155
"GOA",3,0.281263471411216,0.282767511817791,"Option 11",0.00150404040657509
"GOA",3,0.281263471411216,0.281546173729145,"Option 10",0.000282702317929429
"GOA",3,0.281263471411216,0.281263471411216,"Option 9",0
"GOA",3,0.281263471411216,0.28343899193864,"Option 8",0.0021755205274237
"GOA",3,0.281263471411216,0.282274168918125,"Option 7",0.00101069750690919
"GOA",3,0.281263471411216,0.282615492847651,"Option 6",0.00135202143643504
"GOA",3,0.281263471411216,0.281882610908806,"Option 5",0.000619139497590071
"GOA",3,0.281263471411216,0.281861303853542,"Option 4",0.000597832442325863
"GOA",3,0.281263471411216,0.284726022043305,"Option 3",0.00346255063208889
"GOA",3,0.281263471411216,0.282015121244173,"Option 2",0.00075164983295678
"GOA",3,0.281263471411216,0.283669638667292,"Option 1",0.00240616725607629
"GOA",4,0.318414973178276,0.322910966935043,"Option 25",0.00449599375676624
"GOA",4,0.318414973178276,0.324295774647887,"Option 24",0.00588080146961095
"GOA",4,0.318414973178276,0.328014046039797,"Option 23",0.00959907286152073
"GOA",4,0.318414973178276,0.319202288132273,"Option 22",0.000787314953996476
"GOA",4,0.318414973178276,0.320759879607552,"Option 21",0.00234490642927548
"GOA",4,0.318414973178276,0.323775621968393,"Option 20",0.00536064879011666
"GOA",4,0.318414973178276,0.324050533891344,"Option 19",0.00563556071306792
"GOA",4,0.318414973178276,0.327558624995123,"Option 18",0.00914365181684634
"GOA",4,0.318414973178276,0.324874882702534,"Option 17",0.00645990952425723
"GOA",4,0.318414973178276,0.323182173573104,"Option 16",0.00476720039482759
"GOA",4,0.318414973178276,0.322439234412306,"Option 15",0.00402426123402938
"GOA",4,0.318414973178276,0.322855579013214,"Option 14",0.00444060583493811
"GOA",4,0.318414973178276,0.326880380165933,"Option 13",0.00846540698765669
"GOA",4,0.318414973178276,0.323522523225857,"Option 12",0.00510755004758046
"GOA",4,0.318414973178276,0.322498730319959,"Option 11",0.00408375714168296
"GOA",4,0.318414973178276,0.320083026552831,"Option 10",0.00166805337455511
"GOA",4,0.318414973178276,0.318767880236705,"Option 9",0.000352907058428553
"GOA",4,0.318414973178276,0.321789152383189,"Option 8",0.00337417920491218
"GOA",4,0.318414973178276,0.321508281451897,"Option 7",0.0030933082736207
"GOA",4,0.318414973178276,0.320136011881498,"Option 6",0.00172103870322132
"GOA",4,0.318414973178276,0.318414973178276,"Option 5",0
"GOA",4,0.318414973178276,0.320043906072367,"Option 4",0.00162893289409022
"GOA",4,0.318414973178276,0.324200734776831,"Option 3",0.00578576159855471
"GOA",4,0.318414973178276,0.32138519998433,"Option 2",0.00297022680605391
"GOA",4,0.318414973178276,0.321406225559205,"Option 1",0.00299125238092901
"GOA",5,0.352049806178785,0.356484014695537,"Option 25",0.00443420851675125
"GOA",5,0.352049806178785,0.357668231611894,"Option 24",0.0056184254331082
"GOA",5,0.352049806178785,0.361295357003512,"Option 23",0.00924555082472611
"GOA",5,0.352049806178785,0.35485640402774,"Option 22",0.00280659784895426
"GOA",5,0.352049806178785,0.35476683735293,"Option 21",0.00271703117414429
"GOA",5,0.352049806178785,0.356829917070881,"Option 20",0.00478011089209551
"GOA",5,0.352049806178785,0.358196112175852,"Option 19",0.00614630599706628
"GOA",5,0.352049806178785,0.360841234538999,"Option 18",0.0087914283602134
"GOA",5,0.352049806178785,0.358109164842039,"Option 17",0.00605935866325402
"GOA",5,0.352049806178785,0.355824863174355,"Option 16",0.00377505699556957
"GOA",5,0.352049806178785,0.357039414458492,"Option 15",0.00498960827970613
"GOA",5,0.352049806178785,0.356751896160763,"Option 14",0.00470208998197774
"GOA",5,0.352049806178785,0.35998909360028,"Option 13",0.00793928742149508
"GOA",5,0.352049806178785,0.357131704270435,"Option 12",0.00508189809164944
"GOA",5,0.352049806178785,0.357424698206821,"Option 11",0.0053748920280357
"GOA",5,0.352049806178785,0.352275397509203,"Option 10",0.000225591330417996
"GOA",5,0.352049806178785,0.353842536348317,"Option 9",0.00179273016953141
"GOA",5,0.352049806178785,0.356147765516162,"Option 8",0.00409795933737644
"GOA",5,0.352049806178785,0.355691295665453,"Option 7",0.00364148948666743
"GOA",5,0.352049806178785,0.354842491987806,"Option 6",0.00279268580902042
"GOA",5,0.352049806178785,0.352049806178785,"Option 5",0
"GOA",5,0.352049806178785,0.35324787329962,"Option 4",0.00119806712083437
"GOA",5,0.352049806178785,0.359102634253107,"Option 3",0.00705282807432178
"GOA",5,0.352049806178785,0.356955380577428,"Option 2",0.00490557439864242
"GOA",5,0.352049806178785,0.353433442828093,"Option 1",0.00138363664930785
"GOA",6,0.38231724029915,0.388063784882358,"Option 25",0.00574654458320722
"GOA",6,0.38231724029915,0.389553990610329,"Option 24",0.00723675031117832
"GOA",6,0.38231724029915,0.391689426453375,"Option 23",0.00937218615422464
"GOA",6,0.38231724029915,0.388982486384829,"Option 22",0.00666524608567903
"GOA",6,0.38231724029915,0.385568541609663,"Option 21",0.00325130131051232
"GOA",6,0.38231724029915,0.388436864340479,"Option 20",0.00611962404132849
"GOA",6,0.38231724029915,0.389682011968553,"Option 19",0.00736477166940291
"GOA",6,0.38231724029915,0.391899801006672,"Option 18",0.00958256070752184
"GOA",6,0.38231724029915,0.389310290897717,"Option 17",0.00699305059856631
"GOA",6,0.38231724029915,0.38807662236122,"Option 16",0.00575938206206938
"GOA",6,0.38231724029915,0.388586637441779,"Option 15",0.00626939714262825
"GOA",6,0.38231724029915,0.388693408397842,"Option 14",0.00637616809869157
"GOA",6,0.38231724029915,0.389241615705216,"Option 13",0.00692437540606528
"GOA",6,0.38231724029915,0.389179483175892,"Option 12",0.00686224287674164
"GOA",6,0.38231724029915,0.387623549634723,"Option 11",0.00530630933557252
"GOA",6,0.38231724029915,0.383645335630923,"Option 10",0.00132809533177314
"GOA",6,0.38231724029915,0.385899596347533,"Option 9",0.0035823560483827
"GOA",6,0.38231724029915,0.38671049542146,"Option 8",0.00439325512231009
"GOA",6,0.38231724029915,0.386232820392341,"Option 7",0.00391558009319082
"GOA",6,0.38231724029915,0.38591417181271,"Option 6",0.00359693151355978
"GOA",6,0.38231724029915,0.38231724029915,"Option 5",0
"GOA",6,0.38231724029915,0.384099729507233,"Option 4",0.00178248920808244
"GOA",6,0.38231724029915,0.389900726960056,"Option 3",0.00758348666090597
"GOA",6,0.38231724029915,0.387080346299996,"Option 2",0.00476310600084578
"GOA",6,0.38231724029915,0.384678554669169,"Option 1",0.00236131437001907
"GOA",7,0.410678584029166,0.41475807081998,"Option 25",0.00407948679081349
"GOA",7,0.410678584029166,0.417331768388106,"Option 24",0.00665318435894025
"GOA",7,0.410678584029166,0.419898556379243,"Option 23",0.00921997235007688
"GOA",7,0.410678584029166,0.418877091251029,"Option 22",0.00819850722186233
"GOA",7,0.410678584029166,0.414767619122073,"Option 21",0.00408903509290709
"GOA",7,0.410678584029166,0.416718823345329,"Option 20",0.00604023931616321
"GOA",7,0.410678584029166,0.419329604568389,"Option 19",0.00865102053922273
"GOA",7,0.410678584029166,0.419680830309415,"Option 18",0.00900224628024893
"GOA",7,0.410678584029166,0.416562402252111,"Option 17",0.00588381822294515
"GOA",7,0.410678584029166,0.414933541829554,"Option 16",0.00425495780038815
"GOA",7,0.410678584029166,0.416767779560844,"Option 15",0.00608919553167769
"GOA",7,0.410678584029166,0.417350848385331,"Option 14",0.00667226435616497
"GOA",7,0.410678584029166,0.417286643555486,"Option 13",0.00660805952632015
"GOA",7,0.410678584029166,0.416738230931376,"Option 12",0.00605964690221017
"GOA",7,0.410678584029166,0.416298785013869,"Option 11",0.00562020098470262
"GOA",7,0.410678584029166,0.412978773400172,"Option 10",0.00230018937100612
"GOA",7,0.410678584029166,0.41356742563781,"Option 9",0.00288884160864389
"GOA",7,0.410678584029166,0.414729592236049,"Option 8",0.00405100820688298
"GOA",7,0.410678584029166,0.414385841262383,"Option 7",0.00370725723321685
"GOA",7,0.410678584029166,0.416086922535762,"Option 6",0.00540833850659556
"GOA",7,0.410678584029166,0.412114804808332,"Option 5",0.00143622077916616
"GOA",7,0.410678584029166,0.410678584029166,"Option 4",0
"GOA",7,0.410678584029166,0.417298522629563,"Option 3",0.00661993860039684
"GOA",7,0.410678584029166,0.41497238218357,"Option 2",0.00429379815440417
"GOA",7,0.410678584029166,0.413499139684029,"Option 1",0.00282055565486322
"GOA",8,0.43709620580289,0.441491440631595,"Option 25",0.00439523482870569
"GOA",8,0.43709620580289,0.443505477308294,"Option 24",0.00640927150540449
"GOA",8,0.43709620580289,0.445610612563402,"Option 23",0.00851440676051257
"GOA",8,0.43709620580289,0.443599890295028,"Option 22",0.00650368449213828
"GOA",8,0.43709620580289,0.442012273775554,"Option 21",0.00491606797266436
"GOA",8,0.43709620580289,0.441010796432483,"Option 20",0.00391459062959348
"GOA",8,0.43709620580289,0.44424453396957,"Option 19",0.00714832816668043
"GOA",8,0.43709620580289,0.44515977993679,"Option 18",0.00806357413390063
"GOA",8,0.43709620580289,0.443931811072881,"Option 17",0.00683560526999111
"GOA",8,0.43709620580289,0.440695856137608,"Option 16",0.00359965033471782
"GOA",8,0.43709620580289,0.441974245567341,"Option 15",0.00487803976445145
"GOA",8,0.43709620580289,0.444366252248026,"Option 14",0.00727004644513596
"GOA",8,0.43709620580289,0.44459159428193,"Option 13",0.00749538847904074
"GOA",8,0.43709620580289,0.44234522601296,"Option 12",0.0052490202100699
"GOA",8,0.43709620580289,0.443372270187913,"Option 11",0.00627606438502293
"GOA",8,0.43709620580289,0.438160883527845,"Option 10",0.0010646777249555
"GOA",8,0.43709620580289,0.440647411529569,"Option 9",0.00355120572667883
"GOA",8,0.43709620580289,0.439970259059247,"Option 8",0.00287405325635737
"GOA",8,0.43709620580289,0.439602177062532,"Option 7",0.00250597125964208
"GOA",8,0.43709620580289,0.441491440631595,"Option 6",0.00439523482870569
"GOA",8,0.43709620580289,0.43709620580289,"Option 5",0
"GOA",8,0.43709620580289,0.438041475557646,"Option 4",0.000945269754756617
"GOA",8,0.43709620580289,0.441843195497538,"Option 3",0.00474698969464799
"GOA",8,0.43709620580289,0.442198456536217,"Option 2",0.00510225073332682
"GOA",8,0.43709620580289,0.439504145158767,"Option 1",0.00240793935587769
"GOA",9,0.461842671991856,0.46548893926366,"Option 25",0.00364626727180423
"GOA",9,0.461842671991856,0.465297339593114,"Option 24",0.00345466760125868
"GOA",9,0.461842671991856,0.470074131876707,"Option 23",0.00823145988485141
"GOA",9,0.461842671991856,0.467382361007719,"Option 22",0.00553968901586294
"GOA",9,0.461842671991856,0.467537036313177,"Option 21",0.00569436432132114
"GOA",9,0.461842671991856,0.464833359411673,"Option 20",0.00299068741981706
"GOA",9,0.461842671991856,0.468807447099777,"Option 19",0.00696477510792148
"GOA",9,0.461842671991856,0.468570759686293,"Option 18",0.00672808769443728
"GOA",9,0.461842671991856,0.467156709415077,"Option 17",0.00531403742322106
"GOA",9,0.461842671991856,0.464229867083659,"Option 16",0.00238719509180352
"GOA",9,0.461842671991856,0.466632744921523,"Option 15",0.00479007292966777
"GOA",9,0.461842671991856,0.467041989209477,"Option 14",0.00519931721762129
"GOA",9,0.461842671991856,0.469793167919604,"Option 13",0.00795049592774866
"GOA",9,0.461842671991856,0.46682020454368,"Option 12",0.00497753255182465
"GOA",9,0.461842671991856,0.467203187873579,"Option 11",0.00536051588172337
"GOA",9,0.461842671991856,0.464126263021853,"Option 10",0.00228359102999764
"GOA",9,0.461842671991856,0.46529764470745,"Option 9",0.00345497271559436
"GOA",9,0.461842671991856,0.465406589966346,"Option 8",0.00356391797449018
"GOA",9,0.461842671991856,0.465170915071068,"Option 7",0.0033282430792122
"GOA",9,0.461842671991856,0.467169545845384,"Option 6",0.00532687385352859
"GOA",9,0.461842671991856,0.461842671991856,"Option 5",0
"GOA",9,0.461842671991856,0.463640283821396,"Option 4",0.0017976118295408
"GOA",9,0.461842671991856,0.466348784491519,"Option 3",0.00450611249966321
"GOA",9,0.461842671991856,0.465193716457085,"Option 2",0.0033510444652291
"GOA",9,0.461842671991856,0.463475676521195,"Option 1",0.00163300452933945
"GOA",10,0.486824072986413,0.489212850777769,"Option 25",0.00238877779135616
"GOA",10,0.486824072986413,0.488654147104851,"Option 24",0.00183007411843839
"GOA",10,0.486824072986413,0.492157627779945,"Option 23",0.00533355479353242
"GOA",10,0.486824072986413,0.489088273322102,"Option 22",0.00226420033568869
"GOA",10,0.486824072986413,0.490442872219833,"Option 21",0.00361879923342051
"GOA",10,0.486824072986413,0.488734157408856,"Option 20",0.00191008442244328
"GOA",10,0.486824072986413,0.491023585090155,"Option 19",0.00419951210374231
"GOA",10,0.486824072986413,0.492020757735378,"Option 18",0.00519668474896495
"GOA",10,0.486824072986413,0.490733500156397,"Option 17",0.00390942716998366
"GOA",10,0.486824072986413,0.488584831899922,"Option 16",0.00176075891350885
"GOA",10,0.486824072986413,0.488238287212807,"Option 15",0.00141421422639382
"GOA",10,0.486824072986413,0.488153882242552,"Option 14",0.00132980925613924
"GOA",10,0.486824072986413,0.4923849959101,"Option 13",0.00556092292368715
"GOA",10,0.486824072986413,0.490787727379187,"Option 12",0.00396365439277357
"GOA",10,0.486824072986413,0.489666757823182,"Option 11",0.00284268483676947
"GOA",10,0.486824072986413,0.488525103783191,"Option 10",0.00170103079677808
"GOA",10,0.486824072986413,0.488105968569973,"Option 9",0.00128189558356001
"GOA",10,0.486824072986413,0.489160209751898,"Option 8",0.002336136765485
"GOA",10,0.486824072986413,0.489760758056306,"Option 7",0.00293668506989309
"GOA",10,0.486824072986413,0.490189947627609,"Option 6",0.00336587464119592
"GOA",10,0.486824072986413,0.486824072986413,"Option 5",0
"GOA",10,0.486824072986413,0.48771021992238,"Option 4",0.000886146935967391
"GOA",10,0.486824072986413,0.48878292816384,"Option 3",0.00195885517742667
"GOA",10,0.486824072986413,0.489638422062914,"Option 2",0.00281434907650085
"GOA",10,0.486824072986413,0.48729078679806,"Option 1",0.000466713811647423
"GOA",11,0.509377814323192,0.511842413820058,"Option 25",0.00246459949686584
"GOA",11,0.509377814323192,0.511776212832551,"Option 24",0.00239839850935886
"GOA",11,0.509377814323192,0.512797502926258,"Option 23",0.0034196886030663
"GOA",11,0.509377814323192,0.511930415703483,"Option 22",0.00255260138029123
"GOA",11,0.509377814323192,0.512097877496775,"Option 21",0.0027200631735832
"GOA",11,0.509377814323192,0.511617900172117,"Option 20",0.0022400858489251
"GOA",11,0.509377814323192,0.511870770915633,"Option 19",0.00249295659244153
"GOA",11,0.509377814323192,0.51418315189824,"Option 18",0.00480533757504831
"GOA",11,0.509377814323192,0.513723803565843,"Option 17",0.00434598924265106
"GOA",11,0.509377814323192,0.512040656763096,"Option 16",0.00266284243990422
"GOA",11,0.509377814323192,0.509413284277271,"Option 15",3.54699540792147e-05
"GOA",11,0.509377814323192,0.509930408945187,"Option 14",0.000552594621995306
"GOA",11,0.509377814323192,0.514665212480037,"Option 13",0.00528739815684542
"GOA",11,0.509377814323192,0.514091654305566,"Option 12",0.0047138399823744
"GOA",11,0.509377814323192,0.512833535179904,"Option 11",0.00345572085671197
"GOA",11,0.509377814323192,0.511905694368293,"Option 10",0.00252788004510129
"GOA",11,0.509377814323192,0.509503468276051,"Option 9",0.00012565395285935
"GOA",11,0.509377814323192,0.510839790248102,"Option 8",0.00146197592491015
"GOA",11,0.509377814323192,0.513567485022906,"Option 7",0.00418967069971421
"GOA",11,0.509377814323192,0.511842413820058,"Option 6",0.00246459949686584
"GOA",11,0.509377814323192,0.509377814323192,"Option 5",0
"GOA",11,0.509377814323192,0.510016072758634,"Option 4",0.000638258435442296
"GOA",11,0.509377814323192,0.510200891112327,"Option 3",0.000823076789135069
"GOA",11,0.509377814323192,0.511497629960434,"Option 2",0.00211981563724206
"GOA",11,0.509377814323192,0.510206475832942,"Option 1",0.000828661509750361
"GOA",12,0.530602673336981,0.532400531540686,"Option 25",0.00179785820370515
"GOA",12,0.530602673336981,0.532511737089202,"Option 24",0.00190906375222066
"GOA",12,0.530602673336981,0.533788529067499,"Option 23",0.00318585573051788
"GOA",12,0.530602673336981,0.530893703718215,"Option 22",0.000291030381233792
"GOA",12,0.530602673336981,0.530743071570965,"Option 21",0.000140398233983929
"GOA",12,0.530602673336981,0.532193709904553,"Option 20",0.00159103656757209
"GOA",12,0.530602673336981,0.533617553878046,"Option 19",0.00301488054106469
"GOA",12,0.530602673336981,0.534628740879472,"Option 18",0.00402606754249124
"GOA",12,0.530602673336981,0.535032843290585,"Option 17",0.00443016995360368
"GOA",12,0.530602673336981,0.533580922595778,"Option 16",0.00297824925879675
"GOA",12,0.530602673336981,0.531919057497358,"Option 15",0.00131638416037683
"GOA",12,0.530602673336981,0.532215184924545,"Option 14",0.00161251158756337
"GOA",12,0.530602673336981,0.53573793479531,"Option 13",0.0051352614583291
"GOA",12,0.530602673336981,0.534858302755875,"Option 12",0.00425562941889357
"GOA",12,0.530602673336981,0.533070281673634,"Option 11",0.00246760833665249
"GOA",12,0.530602673336981,0.533093130727657,"Option 10",0.0024904573906761
"GOA",12,0.530602673336981,0.530979347101932,"Option 9",0.000376673764950874
"GOA",12,0.530602673336981,0.53349769116381,"Option 8",0.00289501782682877
"GOA",12,0.530602673336981,0.534437526919613,"Option 7",0.00383485358263191
"GOA",12,0.530602673336981,0.533729383256468,"Option 6",0.00312670991948716
"GOA",12,0.530602673336981,0.531265907044129,"Option 5",0.000663233707147382
"GOA",12,0.530602673336981,0.531224273785723,"Option 4",0.000621600448741488
"GOA",12,0.530602673336981,0.530602673336981,"Option 3",0
"GOA",12,0.530602673336981,0.531280604849767,"Option 2",0.000677931512785723
"GOA",12,0.530602673336981,0.531636164554982,"Option 1",0.00103349121800078
"GOA",13,0.549962758242189,0.551356210427578,"Option 25",0.00139345218538856
"GOA",13,0.549962758242189,0.552973395931142,"Option 24",0.00301063768895338
"GOA",13,0.549962758242189,0.552282481467031,"Option 23",0.00231972322484186
"GOA",13,0.549962758242189,0.551110762841359,"Option 22",0.00114800459916975
"GOA",13,0.549962758242189,0.550990892389477,"Option 21",0.00102813414728842
"GOA",13,0.549962758242189,0.552065404475043,"Option 20",0.00210264623285406
"GOA",13,0.549962758242189,0.552939335862635,"Option 19",0.00297657762044645
"GOA",13,0.549962758242189,0.553708689375317,"Option 18",0.00374593113312804
"GOA",13,0.549962758242189,0.554035032843291,"Option 17",0.0040722746011016
"GOA",13,0.549962758242189,0.553596559812353,"Option 16",0.00363380157016446
"GOA",13,0.549962758242189,0.551293592704215,"Option 15",0.00133083446202642
"GOA",13,0.549962758242189,0.553131597466573,"Option 14",0.00316883922438382
"GOA",13,0.549962758242189,0.556499045690025,"Option 13",0.00653628744783552
"GOA",13,0.549962758242189,0.553985478960106,"Option 12",0.00402272071791721
"GOA",13,0.549962758242189,0.552135015822167,"Option 11",0.00217225757997763
"GOA",13,0.549962758242189,0.552831518759301,"Option 10",0.00286876051711238
"GOA",13,0.549962758242189,0.552611984167418,"Option 9",0.00264922592522876
"GOA",13,0.549962758242189,0.553064099553886,"Option 8",0.00310134131169693
"GOA",13,0.549962758242189,0.554211206390227,"Option 7",0.00424844814803771
"GOA",13,0.549962758242189,0.554991010708981,"Option 6",0.0050282524667925
"GOA",13,0.549962758242189,0.55182270253338,"Option 5",0.0018599442911913
"GOA",13,0.549962758242189,0.549962758242189,"Option 4",0
"GOA",13,0.549962758242189,0.550848120065661,"Option 3",0.000885361823471875
"GOA",13,0.549962758242189,0.550632663454382,"Option 2",0.000669905212192679
"GOA",13,0.549962758242189,0.552870326920069,"Option 1",0.00290756867787989
"GOA",14,0.5684284762763,0.570898147424373,"Option 25",0.00246967114807295
"GOA",14,0.5684284762763,0.571439749608764,"Option 24",0.00301127333246387
"GOA",14,0.5684284762763,0.570971517752634,"Option 23",0.00254304147633388
"GOA",14,0.5684284762763,0.5684284762763,"Option 22",0
"GOA",14,0.5684284762763,0.569362467263417,"Option 21",0.000933990987117328
"GOA",14,0.5684284762763,0.569550930996714,"Option 20",0.00112245472041439
"GOA",14,0.5684284762763,0.571165956115305,"Option 19",0.00273747983900507
"GOA",14,0.5684284762763,0.573725077061142,"Option 18",0.00529660078484195
"GOA",14,0.5684284762763,0.571981545198624,"Option 17",0.00355306892232399
"GOA",14,0.5684284762763,0.571422986708366,"Option 16",0.00299451043206611
"GOA",14,0.5684284762763,0.570433285060081,"Option 15",0.00200480878378084
"GOA",14,0.5684284762763,0.573070607553366,"Option 14",0.00464213127706636
"GOA",14,0.5684284762763,0.575935808047365,"Option 13",0.00750733177106511
"GOA",14,0.5684284762763,0.57326879537825,"Option 12",0.00484031910194993
"GOA",14,0.5684284762763,0.571668554908778,"Option 11",0.00324007863247855
"GOA",14,0.5684284762763,0.571943291297877,"Option 10",0.00351481502157758
"GOA",14,0.5684284762763,0.571070266880903,"Option 9",0.00264179060460312
"GOA",14,0.5684284762763,0.573256633012444,"Option 8",0.00482815673614445
"GOA",14,0.5684284762763,0.572066251615177,"Option 7",0.00363777533887699
"GOA",14,0.5684284762763,0.573282263737982,"Option 6",0.00485378746168197
"GOA",14,0.5684284762763,0.571243979795607,"Option 5",0.00281550351930693
"GOA",14,0.5684284762763,0.569014857501274,"Option 4",0.000586381224974231
"GOA",14,0.5684284762763,0.570116469944501,"Option 3",0.00168799366820116
"GOA",14,0.5684284762763,0.569906373643593,"Option 2",0.00147789736729331
"GOA",14,0.5684284762763,0.572696699515095,"Option 1",0.00426822323879483
"GOA",15,0.586921600125377,0.590322832799187,"Option 25",0.00340123267380998
"GOA",15,0.586921600125377,0.589006259780908,"Option 24",0.00208465965553062
"GOA",15,0.586921600125377,0.588060866172454,"Option 23",0.00113926604707704
"GOA",15,0.586921600125377,0.586921600125377,"Option 22",0
"GOA",15,0.586921600125377,0.587343157565571,"Option 21",0.000421557440193787
"GOA",15,0.586921600125377,0.588522922860272,"Option 20",0.00160132273489522
"GOA",15,0.586921600125377,0.588258301717057,"Option 19",0.00133670159168009
"GOA",15,0.586921600125377,0.591712513168676,"Option 18",0.00479091304329904
"GOA",15,0.586921600125377,0.590475445730372,"Option 17",0.00355384560499516
"GOA",15,0.586921600125377,0.590656763096169,"Option 16",0.00373516297079179
"GOA",15,0.586921600125377,0.587889936983835,"Option 15",0.000968336858457874
"GOA",15,0.586921600125377,0.590272890765502,"Option 14",0.00335129064012452
"GOA",15,0.586921600125377,0.595060958984147,"Option 13",0.00813935885876971
"GOA",15,0.586921600125377,0.591576235459443,"Option 12",0.00465463533406552
"GOA",15,0.586921600125377,0.59108489276087,"Option 11",0.00416329263549331
"GOA",15,0.586921600125377,0.589840996318634,"Option 10",0.00291939619325687
"GOA",15,0.586921600125377,0.590194772112709,"Option 9",0.00327317198733212
"GOA",15,0.586921600125377,0.590827267746732,"Option 8",0.00390566762135536
"GOA",15,0.586921600125377,0.590312854849446,"Option 7",0.00339125472406887
"GOA",15,0.586921600125377,0.591534432892988,"Option 6",0.00461283276761126
"GOA",15,0.586921600125377,0.589842985238263,"Option 5",0.00292138511288598
"GOA",15,0.586921600125377,0.588066956760359,"Option 4",0.00114535663498205
"GOA",15,0.586921600125377,0.590049245681232,"Option 3",0.00312764555585487
"GOA",15,0.586921600125377,0.588200728640263,"Option 2",0.00127912851488621
"GOA",15,0.586921600125377,0.591428124511184,"Option 1",0.00450652438580701
"GOA",16,0.604529276019869,0.608887672946142,"Option 25",0.00435839692627304
"GOA",16,0.604529276019869,0.606455399061033,"Option 24",0.00192612304116346
"GOA",16,0.604529276019869,0.60612563402263,"Option 23",0.00159635800276037
"GOA",16,0.604529276019869,0.6049445598088,"Option 22",0.000415283788930521
"GOA",16,0.604529276019869,0.60630105929719,"Option 21",0.00177178327732019
"GOA",16,0.604529276019869,0.607064622124863,"Option 20",0.00253534610499373
"GOA",16,0.604529276019869,0.604529276019869,"Option 19",0
"GOA",16,0.604529276019869,0.608490381989153,"Option 18",0.00396110596928356
"GOA",16,0.604529276019869,0.608187363152956,"Option 17",0.00365808713308646
"GOA",16,0.604529276019869,0.608014073494918,"Option 16",0.00348479747504848
"GOA",16,0.604529276019869,0.607225331715527,"Option 15",0.00269605569565767
"GOA",16,0.604529276019869,0.60661505981703,"Option 14",0.00208578379716085
"GOA",16,0.604529276019869,0.611303704280762,"Option 13",0.00677442826089247
"GOA",16,0.604529276019869,0.61058630650324,"Option 12",0.00605703048337047
"GOA",16,0.604529276019869,0.6091338828769,"Option 11",0.00460460685703024
"GOA",16,0.604529276019869,0.606642124226522,"Option 10",0.00211284820665214
"GOA",16,0.604529276019869,0.607712505388564,"Option 9",0.00318322936869508
"GOA",16,0.604529276019869,0.609141425999843,"Option 8",0.00461214997997406
"GOA",16,0.604529276019869,0.60824621167626,"Option 7",0.00371693565639042
"GOA",16,0.604529276019869,0.609434847182053,"Option 6",0.00490557116218326
"GOA",16,0.604529276019869,0.609577508907945,"Option 5",0.00504823288807532
"GOA",16,0.604529276019869,0.606687835665843,"Option 4",0.002158559645974
"GOA",16,0.604529276019869,0.607871492222309,"Option 3",0.00334221620243969
"GOA",16,0.604529276019869,0.60641673522153,"Option 2",0.00188745920166078
"GOA",16,0.604529276019869,0.609103707179728,"Option 1",0.00457443115985845
"GOA",17,0.621713748383811,0.627139842101149,"Option 25",0.00542609371733838
"GOA",17,0.621713748383811,0.62406103286385,"Option 24",0.00234728448003907
"GOA",17,0.621713748383811,0.622785797893094,"Option 23",0.00107204950928341
"GOA",17,0.621713748383811,0.621713748383811,"Option 22",0
"GOA",17,0.621713748383811,0.626157995543916,"Option 21",0.00444424716010527
"GOA",17,0.621713748383811,0.62447191362854,"Option 20",0.00275816524472949
"GOA",17,0.621713748383811,0.62177807329761,"Option 19",6.4324913799485e-05
"GOA",17,0.621713748383811,0.62433181161965,"Option 18",0.00261806323583891
"GOA",17,0.621713748383811,0.623553331248045,"Option 17",0.00183958286423436
"GOA",17,0.621713748383811,0.624120406567631,"Option 16",0.00240665818382035
"GOA",17,0.621713748383811,0.62503424791577,"Option 15",0.00332049953195901
"GOA",17,0.621713748383811,0.624481976698726,"Option 14",0.00276822831491486
"GOA",17,0.621713748383811,0.626572663888131,"Option 13",0.00485891550432083
"GOA",17,0.621713748383811,0.627605589819658,"Option 12",0.00589184143584742
"GOA",17,0.621713748383811,0.625190452006094,"Option 11",0.00347670362228381
"GOA",17,0.621713748383811,0.624344011905694,"Option 10",0.00263026352188367
"GOA",17,0.621713748383811,0.624759963945605,"Option 9",0.00304621556179419
"GOA",17,0.621713748383811,0.62628159974955,"Option 8",0.00456785136573934
"GOA",17,0.621713748383811,0.625474764086299,"Option 7",0.00376101570248877
"GOA",17,0.621713748383811,0.625576487141405,"Option 6",0.0038627387575948
"GOA",17,0.621713748383811,0.62711930772544,"Option 5",0.0054055593416289
"GOA",17,0.621713748383811,0.625034301619036,"Option 4",0.00332055323522573
"GOA",17,0.621713748383811,0.624872977409521,"Option 3",0.0031592290257102
"GOA",17,0.621713748383811,0.622595683002311,"Option 2",0.000881934618500613
"GOA",17,0.621713748383811,0.624745815735961,"Option 1",0.00303206735215056
"GOA",18,0.638870418899362,0.64347690143047,"Option 25",0.00460648253110729
"GOA",18,0.638870418899362,0.640923317683881,"Option 24",0.00205289878451864
"GOA",18,0.638870418899362,0.640070230198986,"Option 23",0.0011998112996231
"GOA",18,0.638870418899362,0.6388747404302,"Option 22",4.32153083773645e-06
"GOA",18,0.638870418899362,0.644568658875034,"Option 21",0.00569823997567176
"GOA",18,0.638870418899362,0.639649507119387,"Option 20",0.000779088220024149
"GOA",18,0.638870418899362,0.638870418899362,"Option 19",0
"GOA",18,0.638870418899362,0.640173241250146,"Option 18",0.00130282235078383
"GOA",18,0.638870418899362,0.640170472317798,"Option 17",0.00130005341843542
"GOA",18,0.638870418899362,0.640852228303362,"Option 16",0.0019818094039995
"GOA",18,0.638870418899362,0.640338173705429,"Option 15",0.00146775480606631
"GOA",18,0.638870418899362,0.641410587223395,"Option 14",0.00254016832403259
"GOA",18,0.638870418899362,0.643594437736143,"Option 13",0.00472401883678053
"GOA",18,0.638870418899362,0.643688031852604,"Option 12",0.00481761295324112
"GOA",18,0.638870418899362,0.641911161464234,"Option 11",0.00304074256487163
"GOA",18,0.638870418899362,0.641184303281899,"Option 10",0.00231388438253621
"GOA",18,0.638870418899362,0.641258768664028,"Option 9",0.0023883497646654
"GOA",18,0.638870418899362,0.642443453079753,"Option 8",0.00357303418039023
"GOA",18,0.638870418899362,0.641567798269314,"Option 7",0.00269737936995118
"GOA",18,0.638870418899362,0.642460720706636,"Option 6",0.00359030180727393
"GOA",18,0.638870418899362,0.643016562903794,"Option 5",0.0041461440044317
"GOA",18,0.638870418899362,0.642361519463719,"Option 4",0.0034911005643562
"GOA",18,0.638870418899362,0.640858281872899,"Option 3",0.00198786297353681
"GOA",18,0.638870418899362,0.640576644337368,"Option 2",0.0017062254380058
"GOA",18,0.638870418899362,0.642421398404505,"Option 1",0.00355097950514249
"GOA",19,0.655918191435176,0.658954115531932,"Option 25",0.00303592409675535
"GOA",19,0.655918191435176,0.656220657276995,"Option 24",0.000302465841819144
"GOA",19,0.655918191435176,0.657744830277019,"Option 23",0.00182663884184298
"GOA",19,0.655918191435176,0.655918191435176,"Option 22",0
"GOA",19,0.655918191435176,0.659305007231365,"Option 21",0.00338681579618838
"GOA",19,0.655918191435176,0.656939446096073,"Option 20",0.00102125466089642
"GOA",19,0.655918191435176,0.656510345367075,"Option 19",0.000592153931898598
"GOA",19,0.655918191435176,0.65597565258106,"Option 18",5.7461145884341e-05
"GOA",19,0.655918191435176,0.656709415076634,"Option 17",0.000791223641458227
"GOA",19,0.655918191435176,0.657427677873339,"Option 16",0.0015094864381624
"GOA",19,0.655918191435176,0.65638576852323,"Option 15",0.000467577088053672
"GOA",19,0.655918191435176,0.65802642896239,"Option 14",0.00210823752721345
"GOA",19,0.655918191435176,0.659720328750049,"Option 13",0.00380213731487256
"GOA",19,0.655918191435176,0.658287141853384,"Option 12",0.00236895041820817
"GOA",19,0.655918191435176,0.658983474625933,"Option 11",0.00306528319075661
"GOA",19,0.655918191435176,0.659042844834339,"Option 10",0.00312465339916235
"GOA",19,0.655918191435176,0.658188658541365,"Option 9",0.00227046710618839
"GOA",19,0.655918191435176,0.658644439226736,"Option 8",0.00272624779155939
"GOA",19,0.655918191435176,0.658404792670034,"Option 7",0.00248660123485789
"GOA",19,0.655918191435176,0.659344954271867,"Option 6",0.0034267628366913
"GOA",19,0.655918191435176,0.658678883276557,"Option 5",0.00276069184138128
"GOA",19,0.655918191435176,0.658551883648908,"Option 4",0.00263369221373211
"GOA",19,0.655918191435176,0.657664347690143,"Option 3",0.00174615625496688
"GOA",19,0.655918191435176,0.657343205233674,"Option 2",0.00142501379849802
"GOA",19,0.655918191435176,0.658571875488816,"Option 1",0.00265368405363975
"GOA",20,0.672765740704463,0.673884155397483,"Option 25",0.00111841469302043
"GOA",20,0.672765740704463,0.672965571205008,"Option 24",0.000199830500545173
"GOA",20,0.672765740704463,0.673663675380414,"Option 23",0.000897934675951007
"GOA",20,0.672765740704463,0.672765740704463,"Option 22",0
"GOA",20,0.672765740704463,0.674627682445374,"Option 21",0.00186194174091125
"GOA",20,0.672765740704463,0.673368799874824,"Option 20",0.000603059170361409
"GOA",20,0.672765740704463,0.672976884264873,"Option 19",0.000211143560410076
"GOA",20,0.672765740704463,0.672909594599867,"Option 18",0.000143853895404722
"GOA",20,0.672765740704463,0.673287456990929,"Option 17",0.000521716286466356
"GOA",20,0.672765740704463,0.673690383111806,"Option 16",0.000924642407343468
"GOA",20,0.672765740704463,0.673411875220165,"Option 15",0.000646134515702612
"GOA",20,0.672765740704463,0.673899444835405,"Option 14",0.00113370413094283
"GOA",20,0.672765740704463,0.674132356950882,"Option 13",0.00136661624641965
"GOA",20,0.672765740704463,0.674018268405028,"Option 12",0.00125252770056516
"GOA",20,0.672765740704463,0.674649372973395,"Option 11",0.00188363226893273
"GOA",20,0.672765740704463,0.675530664995692,"Option 10",0.00276492429122943
"GOA",20,0.672765740704463,0.674256378100874,"Option 9",0.00149063739641131
"GOA",20,0.672765740704463,0.674610628473038,"Option 8",0.00184488776857494
"GOA",20,0.672765740704463,0.673244841223227,"Option 7",0.000479100518764652
"GOA",20,0.672765740704463,0.675603845853201,"Option 6",0.00283810514873839
"GOA",20,0.672765740704463,0.674067113042797,"Option 5",0.00130137233833472
"GOA",20,0.672765740704463,0.67427182563017,"Option 4",0.00150608492570714
"GOA",20,0.672765740704463,0.67341514890956,"Option 3",0.00064940820509729
"GOA",20,0.672765740704463,0.673365456183649,"Option 2",0.000599715479186136
"GOA",20,0.672765740704463,0.674565931487564,"Option 1",0.0018001907831019
"GOA",21,0.689453353622849,0.69072930508872,"Option 25",0.00127595146587134
"GOA",21,0.689453353622849,0.690492957746479,"Option 24",0.0010396041236298
"GOA",21,0.689453353622849,0.68997268825595,"Option 23",0.000519334633100943
"GOA",21,0.689453353622849,0.692042471496297,"Option 22",0.0025891178734484
"GOA",21,0.689453353622849,0.691279365203455,"Option 21",0.00182601158060636
"GOA",21,0.689453353622849,0.689719918635581,"Option 20",0.000266565012732145
"GOA",21,0.689453353622849,0.689638987757656,"Option 19",0.000185634134807211
"GOA",21,0.689453353622849,0.689453353622849,"Option 18",0
"GOA",21,0.689453353622849,0.690060994682515,"Option 17",0.000607641059665709
"GOA",21,0.689453353622849,0.689874902267396,"Option 16",0.000421548644547354
"GOA",21,0.689453353622849,0.6904379819171,"Option 15",0.000984628294251388
"GOA",21,0.689453353622849,0.690397998279772,"Option 14",0.000944644656922566
"GOA",21,0.689453353622849,0.691037276516184,"Option 13",0.0015839228933352
"GOA",21,0.689453353622849,0.690022640331017,"Option 12",0.000569286708168137
"GOA",21,0.689453353622849,0.691291948275188,"Option 11",0.00183859465233938
"GOA",21,0.689453353622849,0.691666013942195,"Option 10",0.00221266031934564
"GOA",21,0.689453353622849,0.691734921816828,"Option 9",0.00228156819397896
"GOA",21,0.689453353622849,0.689872427017297,"Option 8",0.000419073394447578
"GOA",21,0.689453353622849,0.690590861036062,"Option 7",0.00113750741321339
"GOA",21,0.689453353622849,0.69115922770265,"Option 6",0.00170587407980083
"GOA",21,0.689453353622849,0.69156975605936,"Option 5",0.00211640243651112
"GOA",21,0.689453353622849,0.690266180563723,"Option 4",0.000812826940873479
"GOA",21,0.689453353622849,0.690690221214727,"Option 3",0.00123686759187769
"GOA",21,0.689453353622849,0.690288713910761,"Option 2",0.00083536028791209
"GOA",21,0.689453353622849,0.691615829813859,"Option 1",0.00216247619100984
"GOA",22,0.705372819852511,0.707222699914015,"Option 25",0.00184988006150455
"GOA",22,0.705372819852511,0.708098591549296,"Option 24",0.0027257716967849
"GOA",22,0.705372819852511,0.706632852126414,"Option 23",0.00126003227390348
"GOA",22,0.705372819852511,0.708106413822826,"Option 22",0.00273359397031558
"GOA",22,0.705372819852511,0.707032013446429,"Option 21",0.00165919359391842
"GOA",22,0.705372819852511,0.707674855265217,"Option 20",0.00230203541270579
"GOA",22,0.705372819852511,0.706183752493449,"Option 19",0.000810932640937678
"GOA",22,0.705372819852511,0.705372819852511,"Option 18",0
"GOA",22,0.705372819852511,0.706365342508602,"Option 17",0.000992522656090955
"GOA",22,0.705372819852511,0.707505863956216,"Option 16",0.00213304410370496
"GOA",22,0.705372819852511,0.708129476691847,"Option 15",0.00275665683933612
"GOA",22,0.705372819852511,0.706701071233091,"Option 14",0.00132825138058001
"GOA",22,0.705372819852511,0.707708487516068,"Option 13",0.00233566766355664
"GOA",22,0.705372819852511,0.705831836989617,"Option 12",0.000459017137105833
"GOA",22,0.705372819852511,0.707348517404383,"Option 11",0.00197569755187244
"GOA",22,0.705372819852511,0.707566382078797,"Option 10",0.00219356222628597
"GOA",22,0.705372819852511,0.707058039738214,"Option 9",0.00168521988570292
"GOA",22,0.705372819852511,0.70619081161462,"Option 8",0.000817991762109171
"GOA",22,0.705372819852511,0.70633149301069,"Option 7",0.000958673158178658
"GOA",22,0.705372819852511,0.707339951535996,"Option 6",0.00196713168348539
"GOA",22,0.705372819852511,0.70676220682094,"Option 5",0.00138938696842961
"GOA",22,0.705372819852511,0.706456544748912,"Option 4",0.00108372489640129
"GOA",22,0.705372819852511,0.707105448292035,"Option 3",0.00173262843952382
"GOA",22,0.705372819852511,0.707486191091785,"Option 2",0.00211337123927424
"GOA",22,0.705372819852511,0.707922727983732,"Option 1",0.00254990813122136
"GOA",23,0.723481591495349,0.724732275463144,"Option 25",0.00125068396779493
"GOA",23,0.723481591495349,0.724491392801252,"Option 24",0.001009801305903
"GOA",23,0.723481591495349,0.725282871634803,"Option 23",0.00180128013945402
"GOA",23,0.723481591495349,0.723935274066528,"Option 22",0.000453682571179281
"GOA",23,0.723481591495349,0.726107180549584,"Option 21",0.00262558905423471
"GOA",23,0.723481591495349,0.724456266624941,"Option 20",0.000974675129592373
"GOA",23,0.723481591495349,0.724879727774084,"Option 19",0.00139813627873486
"GOA",23,0.723481591495349,0.7239065121542,"Option 18",0.000424920658851358
"GOA",23,0.723481591495349,0.724702846418517,"Option 17",0.00122125492316838
"GOA",23,0.723481591495349,0.72584050039093,"Option 16",0.00235890889558144
"GOA",23,0.723481591495349,0.724999021488121,"Option 15",0.00151742999277193
"GOA",23,0.723481591495349,0.724841660802252,"Option 14",0.00136006930690302
"GOA",23,0.723481591495349,0.723678572819694,"Option 13",0.000196981324344869
"GOA",23,0.723481591495349,0.723631821375595,"Option 12",0.000150229880246266
"GOA",23,0.723481591495349,0.725788178302145,"Option 11",0.00230658680679585
"GOA",23,0.723481591495349,0.724328346518368,"Option 10",0.000846755023018675
"GOA",23,0.723481591495349,0.723791981816044,"Option 9",0.000310390320695242
"GOA",23,0.723481591495349,0.723917977616029,"Option 8",0.000436386120679866
"GOA",23,0.723481591495349,0.724108226633776,"Option 7",0.000626635138426868
"GOA",23,0.723481591495349,0.726530133666849,"Option 6",0.00304854217150008
"GOA",23,0.723481591495349,0.724578096244959,"Option 5",0.00109650474960976
"GOA",23,0.723481591495349,0.723979771845231,"Option 4",0.000498180349882138
"GOA",23,0.723481591495349,0.723481591495349,"Option 3",0
"GOA",23,0.723481591495349,0.724918713519019,"Option 2",0.00143712202367008
"GOA",23,0.723481591495349,0.72657594243704,"Option 1",0.00309435094169153
"GOA",24,0.74354352000627,0.745563980301728,"Option 25",0.00202046029545722
"GOA",24,0.74354352000627,0.745735524256651,"Option 24",0.00219200425038069
"GOA",24,0.74354352000627,0.74623488099883,"Option 23",0.00269136099255918
"GOA",24,0.74354352000627,0.745327743603808,"Option 22",0.00178422359753805
"GOA",24,0.74354352000627,0.74541687839581,"Option 21",0.00187335838953939
"GOA",24,0.74354352000627,0.745814426537318,"Option 20",0.00227090653104778
"GOA",24,0.74354352000627,0.745531349004576,"Option 19",0.00198782899830585
"GOA",24,0.74354352000627,0.745444613523743,"Option 18",0.00190109351747225
"GOA",24,0.74354352000627,0.745151704723178,"Option 17",0.0016081847169076
"GOA",24,0.74354352000627,0.745230648944488,"Option 16",0.00168712893821754
"GOA",24,0.74354352000627,0.745078085247955,"Option 15",0.0015345652416846
"GOA",24,0.74354352000627,0.745367112362186,"Option 14",0.00182359235591589
"GOA",24,0.74354352000627,0.744673392279827,"Option 13",0.00112987227355676
"GOA",24,0.74354352000627,0.744047154344601,"Option 12",0.000503634338331116
"GOA",24,0.74354352000627,0.74524358323241,"Option 11",0.00170006322613969
"GOA",24,0.74354352000627,0.744419205764863,"Option 10",0.000875685758592204
"GOA",24,0.74354352000627,0.74354352000627,"Option 9",0
"GOA",24,0.74354352000627,0.743640917273225,"Option 8",9.73972669550127e-05
"GOA",24,0.74354352000627,0.745800540350053,"Option 7",0.0022570203437825
"GOA",24,0.74354352000627,0.746228406159618,"Option 6",0.00268488615334816
"GOA",24,0.74354352000627,0.74431261991464,"Option 5",0.000769099908370041
"GOA",24,0.74354352000627,0.744521541416755,"Option 4",0.000978021410484531
"GOA",24,0.74354352000627,0.745134057687798,"Option 3",0.00159053768152773
"GOA",24,0.74354352000627,0.745641869393192,"Option 2",0.00209834938692122
"GOA",24,0.74354352000627,0.746206788675113,"Option 1",0.00266326866884303
"GOA",25,1,1,"Option 25",0
"GOA",25,1,1,"Option 24",0
"GOA",25,1,1,"Option 23",0
"GOA",25,1,1,"Option 22",0
"GOA",25,1,1,"Option 21",0
"GOA",25,1,1,"Option 20",0
"GOA",25,1,1,"Option 19",0
"GOA",25,1,1,"Option 18",0
"GOA",25,1,1,"Option 17",0
"GOA",25,1,1,"Option 16",0
"GOA",25,1,1,"Option 15",0
"GOA",25,1,1,"Option 14",0
"GOA",25,1,1,"Option 13",0
"GOA",25,1,1,"Option 12",0
"GOA",25,1,1,"Option 11",0
"GOA",25,1,1,"Option 10",0
"GOA",25,1,1,"Option 9",0
"GOA",25,1,1,"Option 8",0
"GOA",25,1,1,"Option 7",0
"GOA",25,1,1,"Option 6",0
"GOA",25,1,1,"Option 5",0
"GOA",25,1,1,"Option 4",0
"GOA",25,1,1,"Option 3",0
"GOA",25,1,1,"Option 2",0
"GOA",25,1,1,"Option 1",0
